{"type":"FeatureCollection","features":[{"type":"Feature","properties":{"layer":"operating_area","label":"Operating area"},"geometry":{"type":"Polygon","coordinates":[[[-97.976603,33.502972],[-97.976692,32.178781],[-95.923964,32.179006],[-95.924358,33.502911],[-97.976603,33.502972]]]}},{"type":"Feature","properties":{"layer":"veil","label":"Mode C veil"},"geometry":{"type":"Polygon","coordinates":[[[-97.0380047845936,32.3958333491385],[-97.097407655726,32.3983604571201],[-97.1541343274463,32.4055608100981],[-97.2118168906986,32.4178954340044],[-97.2658022872546,32.4343694128439],[-97.3195457730487,32.4560374206678],[-97.3687103338904,32.4811514923265],[-97.4147982981879,32.5101726278421],[-97.4573775658201,32.5428306451801],[-97.4973997040943,32.580213898503],[-97.5316297990221,32.6193053893805],[-97.5622512103044,32.6626055931883],[-97.5867851791122,32.7066189583774],[-97.6067924170092,32.7541595614085],[-97.6206490033573,32.8013882476344],[-97.6290274394002,32.8495286172571],[-97.6318399910885,32.8981276781975],[-97.628840235443,32.9485214047175],[-97.62026116827,32.9966372430505],[-97.606171558668,33.0438230274473],[-97.5866961546381,33.0896318688221],[-97.5609999910407,33.1352184724286],[-97.5311534011614,33.1768960504926],[-97.4966109139391,33.2159325352759],[-97.457695616428,33.2519560086967],[-97.4131121453489,33.2857640669624],[-97.366464081432,33.3146207984049],[-97.3166735244659,33.3395220582576],[-97.2642145495522,33.3602295354548],[-97.2095879318024,33.3765449009364],[-97.1533162023366,33.388311790649],[-97.0959384352828,33.3954173765457],[-97.0380048457754,33.3977935055873],[-96.9800712569539,33.3954173817425],[-96.9226934879617,33.3883118009881],[-96.8664217569441,33.3765449163097],[-96.8117951380472,33.3602295557018],[-96.7593361594164,33.3395220831677],[-96.7095455991945,33.31462082772],[-96.6628975325202,33.2857641003801],[-96.6183140560607,33.2519560460068],[-96.5793987549075,33.2159325759528],[-96.5448562616846,33.1768960941254],[-96.5150096665002,33.1352185185798],[-96.4893134971403,33.0896319171005],[-96.4698380883621,33.0438230772932],[-96.4557484718828,32.996637293978],[-96.4471693987627,32.9485214562356],[-96.4441696369382,32.898127729809],[-96.4469821837155,32.8495286684625],[-96.4553606139495,32.8013882979561],[-96.4692171936434,32.7541596103821],[-96.4892244258935,32.7066190054815],[-96.5137583905133,32.6626056380564],[-96.5443797967288,32.6193054315073],[-96.5786098871141,32.5802139376072],[-96.6186320200724,32.5428306807892],[-96.6612112839567,32.5101726597663],[-96.7072992449412,32.4811515202917],[-96.7564638029291,32.4560374444355],[-96.8102072872711,32.4343694320467],[-96.8641926809689,32.4178954486402],[-96.9218752438333,32.4055608198687],[-96.9786019137448,32.3983604621155],[-97.0380047845936,32.3958333491385]]]}},{"type":"Feature","properties":{"layer":"class_b","label":"Class B surface area"},"geometry":{"type":"Polygon","coordinates":[[[-96.8806408864738,32.909450202066],[-96.7352852946105,32.9091724313165],[-96.7311669122936,32.8553026613135],[-96.7407982765103,32.8019364438018],[-96.7637098792865,32.7515430992754],[-96.7976282112688,32.7079533125638],[-96.8852853240613,32.7677835091264],[-96.9851881267875,32.758733503119],[-97.0852853741182,32.7594501649436],[-97.1167319600635,32.7761277607297],[-97.1175076080863,32.8227835094786],[-97.1502853936327,32.8108390608129],[-97.1608229616053,32.8324749984251],[-97.1660518543227,32.8554487365159],[-97.1657587756756,32.8788412659226],[-97.1599511686082,32.9017161134702],[-97.1488576011215,32.9231568339777],[-97.1342390915187,32.9408848249419],[-97.1797298549774,32.9730613129881],[-97.1385563155123,33.0043238176486],[-97.0886916821781,33.0247300866583],[-97.0340549528594,33.032674575543],[-96.9789464826031,33.0275319279923],[-96.9314140085848,33.011502266061],[-96.8904650986255,32.9856465029872],[-96.8904936685865,32.9359363176282],[-96.8818999159865,32.9290064566964],[-96.8806408864738,32.909450202066]]]}},{"type":"Feature","properties":{"layer":"class_d","label":"Class D surface area"},"geometry":{"type":"MultiPolygon","coordinates":[[[[-97.3164776698996,32.4835396949944],[-97.3184573792045,32.4971951634894],[-97.3502275127453,32.5065242609006],[-97.3747671500674,32.525987371528],[-97.3871725155844,32.5495455194402],[-97.3884099324298,32.5753196712431],[-97.3771263611435,32.6012944106168],[-97.3546095456818,32.6213627873592],[-97.3245375747689,32.6322414276961],[-97.2918957785503,32.6321610660797],[-97.2638370268946,32.6222539214141],[-97.242088231345,32.6042788289545],[-97.22972032983,32.5807775310478],[-97.2284853779867,32.5550033142336],[-97.2343527494405,32.5377486807245],[-97.2453616612985,32.5223251353422],[-97.2607358174313,32.5098679253351],[-97.2793370556036,32.5012627219192],[-97.2773631723,32.4876066534224],[-97.3164776698996,32.4835396949944]]],[[[-97.10171573756,32.5975221046709],[-97.1222709929864,32.6015741175602],[-97.1390941406752,32.6090611882568],[-97.1533106028969,32.6197407546667],[-97.1640921604063,32.6329914237074],[-97.1712856182241,32.6497879305692],[-97.1730373086249,32.665807401516],[-97.1701992078633,32.6817151346375],[-97.1629344169244,32.6965837627526],[-97.1486781572612,32.712088851288],[-97.1296906231524,32.7234047442375],[-97.1076222819537,32.7295469903448],[-97.08520226605074,32.73010908014883],[-97.091118708021,32.750005718912],[-97.0027853527094,32.7500057227143],[-96.9994396787322,32.7478206984458],[-96.9828782415767,32.731712115116],[-96.9731809738281,32.710116277452],[-96.9729217764832,32.6887772104293],[-96.9820856074972,32.667016727922],[-96.9950987889491,32.6530165107174],[-97.0140842850775,32.6418245687892],[-97.0361981063192,32.6360655607553],[-97.05723202523977,32.636066157165295],[-97.0586186910961,32.6044501368189],[-97.0806276462813,32.5982345887049],[-97.10171573756,32.5975221046709]]],[[[-97.4003288385156,32.677027618866],[-97.4316997640376,32.6710148773865],[-97.4637043281642,32.6724603772807],[-97.4941406723369,32.6812646666223],[-97.5205784379079,32.69676686339],[-97.5410047633038,32.7177881274479],[-97.553829424026,32.7426341175465],[-97.5581617167491,32.7695918544042],[-97.5536351502459,32.7964282676207],[-97.5449135221797,32.8148463414438],[-97.53141824767,32.8128413776558],[-97.5196125820654,32.8187293462704],[-97.5152041816607,32.8302354576139],[-97.5211389178223,32.8412268184104],[-97.4956738973597,32.8564738083703],[-97.4728150570847,32.8641144967953],[-97.4485647182003,32.8675405584932],[-97.4239804929624,32.8665967973882],[-97.40028545968431,32.86135436943962],[-97.4002854618617,32.8969281180961],[-97.3894470893303,32.9001059481638],[-97.3572142434069,32.9031558051414],[-97.3255630180774,32.8972493644165],[-97.2951514894223,32.8809656706912],[-97.2736298685064,32.85649820004],[-97.2639526412797,32.8271417969516],[-97.2673977843042,32.7968089881067],[-97.2777439586925,32.7767318358875],[-97.2939077667262,32.7596153329729],[-97.3147765371945,32.7466346396326],[-97.3389165387886,32.7386805320962],[-97.3699989394771,32.7365211133486],[-97.4002854524626,32.7426343641879],[-97.400285454074,32.7692364781786],[-97.4003288385156,32.677027618866]]],[[[-97.2493187078029,33.0583431538921],[-97.2520463149093,33.0489744790213],[-97.2481668233683,33.0398985344956],[-97.2381304844662,33.0339041978162],[-97.2258390203752,33.0340472223831],[-97.2216416238768,33.026944716239],[-97.2145422679248,33.0081653620369],[-97.2124588831819,32.9884448534367],[-97.2126576619913,32.9845411666971],[-97.2258774187223,32.990977740323],[-97.2411650835803,32.9910280936624],[-97.252395666115,32.9862226392709],[-97.2602681305865,32.9779058943696],[-97.2632369295168,32.9646323897554],[-97.2575981153173,32.9519891886351],[-97.2449939396276,32.9436517816246],[-97.2290786985166,32.9420444680188],[-97.252742272117,32.9198146698203],[-97.2724956434492,32.9092861819858],[-97.2944853575806,32.9026252197787],[-97.317770419293,32.9001476472992],[-97.3410308972623,32.9019939086302],[-97.3633603762565,32.9080920537968],[-97.3834926989367,32.9180963737889],[-97.3932893018305,32.9250808966667],[-97.3921623960954,32.9339968863829],[-97.3966719267301,32.9421240467047],[-97.4138087813933,32.9478460990234],[-97.4253258741124,32.9773816530342],[-97.4242505697673,33.008502436889],[-97.4106735521478,33.0374592318876],[-97.3862039714405,33.060796619318],[-97.3537571442009,33.0757274015338],[-97.3171879472848,33.0804669380317],[-97.2808065517397,33.0744111325061],[-97.2493187078029,33.0583431538921]]],[[[-97.1795629517707,33.131700626673],[-97.2192509378234,33.1322830270273],[-97.2191389791363,33.1377429730513],[-97.2463471087137,33.149152946976],[-97.2657676497505,33.1673347215054],[-97.2761178017939,33.1901743893017],[-97.2760641873009,33.2143533828066],[-97.2657707281274,33.2369316174675],[-97.2447368160314,33.2561113739742],[-97.216483005593,33.2670698542735],[-97.2163707049098,33.2725296742947],[-97.1766194098357,33.2719463579589],[-97.1767341815198,33.266486570937],[-97.1547161704328,33.2581622253671],[-97.1366862680262,33.2446596116529],[-97.125903714397,33.2302919424529],[-97.1197851558329,33.2141027977042],[-97.1201960793248,33.1884168228914],[-97.1321027028516,33.1647601389464],[-97.1511344556207,33.1481597510039],[-97.1794485350827,33.1371605386977],[-97.1795629517707,33.131700626673]]],[[[-96.8672517187643,32.755630631604],[-96.7976282112688,32.7079533125638],[-96.7899482658052,32.7160084634189],[-96.7821644607612,32.6981060383589],[-96.7799625240712,32.6791606198606],[-96.7877923623415,32.6504223440748],[-96.8081483350682,32.6263918996476],[-96.8378732226722,32.6108587934349],[-96.8723719411288,32.6062225030876],[-96.9058332719977,32.6130097729502],[-96.93374271407,32.6300479709895],[-96.9519125951391,32.6547830458973],[-96.9576087902963,32.6835047580879],[-96.94985558005,32.7121070998287],[-96.929794080409,32.7359644401994],[-96.8997953757677,32.75173979847],[-96.8672517187643,32.755630631604]]],[[[-96.5299796821833,32.8221159496907],[-96.4959326821683,32.8162384310371],[-96.467156335856,32.7997920701471],[-96.44804282952,32.7752892783069],[-96.441502173125,32.7463956380889],[-96.4485528292035,32.7176632873179],[-96.4681383497384,32.6933487308528],[-96.4972522591863,32.6772481925472],[-96.5314382025561,32.6718241330599],[-96.5653058045223,32.6778467497645],[-96.5938933317687,32.6943485066847],[-96.6128683630503,32.7188307515275],[-96.6193473714171,32.7475840727107],[-96.6123360023564,32.7762483014514],[-96.5928865958719,32.800472860882],[-96.5639451654861,32.8165779581805],[-96.5299796821833,32.8221159496907]]],[[[-96.7841492660441,32.9098176923207],[-96.8816811647437,32.909557147041],[-96.8815547768401,32.9280418725297],[-96.8904936685865,32.9359363176282],[-96.8904650986255,32.9856465029872],[-96.9139313755861,33.0022058160774],[-96.889881182,33.0266462607235],[-96.8554368481157,33.0403197528011],[-96.8194427900142,33.0406906614454],[-96.7846113553823,33.0277310395287],[-96.76407283506,33.0096501050197],[-96.7514343663443,32.9850630399365],[-96.7498261094061,32.9600733292936],[-96.7592256322268,32.9344774310559],[-96.7841492660441,32.9098176923207]]],[[[-96.0648940820377,33.1429827217219],[-96.0307237299233,33.1371054470947],[-96.0017805534927,33.1206063042194],[-95.9826272720798,33.0960884953896],[-95.9760976446376,33.0671907721738],[-95.9832082037066,33.0384659303966],[-96.0028934492705,33.0141693239178],[-96.0321314817815,32.9980943595932],[-96.0664470312391,32.9926995240842],[-96.1004295343038,32.9987503877681],[-96.129100659645,33.0152753086716],[-96.1481153520034,33.039772181504],[-96.1545839654174,33.0685294306852],[-96.1475135303668,33.0971863054321],[-96.1280287688668,33.1213405538637],[-96.0989826224245,33.137444959185],[-96.0648940820377,33.1429827217219]]],[[[-96.5999211104523,33.1084545688135],[-96.6321711332052,33.1173821180824],[-96.6575132258256,33.1363979505508],[-96.6717332160511,33.1623439478072],[-96.6724575570136,33.1909079741456],[-96.6659009974116,33.2079731196417],[-96.6544018774318,33.2230786089873],[-96.6333361910194,33.2381788357547],[-96.6075383739859,33.2466294224822],[-96.6071741724368,33.2553113911297],[-96.5674519392549,33.254144725666],[-96.5678130508028,33.2454502790154],[-96.5393607968015,33.2333265409909],[-96.5173750958433,33.2115367808584],[-96.5083805011824,33.1895306391092],[-96.5088455607453,33.1644931653702],[-96.5197479740767,33.1411923134987],[-96.5413971533704,33.1215232008408],[-96.5681684275072,33.110591709607],[-96.5999211104523,33.1084545688135]]]]}},{"type":"Feature","properties":{"layer":"runway_buffer","label":"3 NM from a public-use runway"},"geometry":{"type":"MultiPolygon","coordinates":[[[[-95.88635173905118,32.14848126129072],[-95.88648994074606,32.178894536301684],[-95.87397058055517,32.20112519109351],[-95.87492206405899,32.169264926180425],[-95.88635173905118,32.14848126129072]]],[[[-95.87631301002776,33.24070478320348],[-95.89946278345717,33.23779656445122],[-95.92219395260996,33.242452226544785],[-95.94105146560278,33.25396406026594],[-95.95089150728835,33.2660768587579],[-95.95666879561865,33.28489384345973],[-95.95442103529345,33.310158745366394],[-95.94447911137743,33.32774098420636],[-95.92716608382003,33.34083078903305],[-95.899251570476,33.347927342083615],[-95.87431086774653,33.34454629282786],[-95.87631301002776,33.24070478320348]]],[[[-95.92482014897783,32.67215282387211],[-95.93155088943683,32.653550452860976],[-95.94627811653356,32.63851596839128],[-95.97242535290901,32.62814262270739],[-95.99565912513391,32.628116677369775],[-96.02183936091176,32.63843158996339],[-96.03661452175588,32.65343313227896],[-96.04340465152255,32.67202040900917],[-96.04260154258424,32.69550080044304],[-96.03374274248286,32.713469356211164],[-96.01732405157479,32.72723505112993],[-95.99584504347438,32.734699919101516],[-95.97258007781788,32.734725894831385],[-95.95107724335452,32.72730901769296],[-95.93461455056134,32.71358003825596],[-95.92569830511962,32.69563133304252],[-95.92482014897783,32.67215282387211]]],[[[-96.00599041221943,33.05129184650834],[-96.01306343966901,33.03278044407329],[-96.03287233343792,33.01506807347744],[-96.06037259996657,33.00720911453093],[-96.08907898937878,33.01105691329253],[-96.11222327541148,33.025704115006896],[-96.12298367693366,33.04294308539921],[-96.12225043956582,33.093908073457584],[-96.1069844842347,33.11450460719623],[-96.08738866746037,33.12509622086235],[-96.06440237236414,33.12864761468544],[-96.04153090497898,33.12461729503638],[-96.02226196905299,33.113619774372495],[-96.00953133309507,33.09733146924748],[-96.00599041221943,33.05129184650834]]],[[[-96.03650452492494,32.94284523830082],[-96.04349844661792,32.92431249533791],[-96.05846950787586,32.90941794509693],[-96.08483871606602,32.89928511832542],[-96.1081510322873,32.899468402411316],[-96.12960783917833,32.90706783172124],[-96.14594685755566,32.920928102033756],[-96.15468050905737,32.93894139171057],[-96.1552960438679,32.962115395335886],[-96.14526259108602,32.984821974989586],[-96.12861032346575,32.998433236329575],[-96.10696226448637,33.00570114724092],[-96.08361863490222,33.0055176469022],[-96.06213954084784,32.997910714797726],[-96.04579931253515,32.984040085699334],[-96.03708547684177,32.966019722459265],[-96.03650452492494,32.94284523830082]]],[[[-96.15969291916802,32.86334030225025],[-96.16641829046793,32.84473812687248],[-96.18116357120093,32.829696289132116],[-96.20168269126472,32.820502544555644],[-96.22485523582982,32.81855466361139],[-96.24715948848527,32.82414874050418],[-96.26520501703078,32.83643438008476],[-96.27624580085971,32.85354343126586],[-96.27859755407401,32.87287309442065],[-96.27189614392064,32.89148106177971],[-96.25715659795706,32.906533186118104],[-96.23662162692176,32.91573568616235],[-96.21342093092258,32.91768566260377],[-96.19109271711243,32.91208579372114],[-96.1730414538168,32.8997898675389],[-96.16201652096755,32.88267206089857],[-96.15969291916802,32.86334030225025]]],[[[-96.3029642448236,33.0164580359805],[-96.30238811655273,33.056515096060245],[-96.29086705921503,33.073411899804334],[-96.27243977098354,33.08535435653937],[-96.24400685779253,33.09078520036176],[-96.22117732581523,33.08663523686921],[-96.202001259652,33.07553663422721],[-96.1830066726138,33.055287098331746],[-96.17667413736825,33.03167581709422],[-96.18182304448406,33.0127298584615],[-96.19529071740978,32.99686370023554],[-96.22354093599566,32.98367606521271],[-96.24651240384034,32.980248253965556],[-96.27457142460243,32.986564436972486],[-96.29233794266017,32.999162435151625],[-96.3029642448236,33.0164580359805]]],[[[-96.20775761834263,32.69681177376826],[-96.21447806090795,32.67820701010225],[-96.23389015479877,32.66024843637672],[-96.26112884444481,32.6520552157133],[-96.28426239472002,32.653922459556824],[-96.30478444886094,32.66304672147988],[-96.31957417415553,32.67804078738099],[-96.3263787903905,32.69662416505888],[-96.32560574205742,32.72498525891443],[-96.31328077367621,32.74688974742514],[-96.29532630427597,32.75925170133315],[-96.27306946935353,32.76493102813555],[-96.24990382142576,32.76306183404925],[-96.22936221860256,32.753929121253],[-96.21457540085521,32.73892514370072],[-96.20779333159825,32.720336344407485],[-96.20775761834263,32.69681177376826]]],[[[-96.30224945184146,32.84127376175497],[-96.29163010245138,32.823980537149396],[-96.29071593954733,32.799792450679824],[-96.30357004428022,32.77809944878868],[-96.32714983021249,32.76402115028283],[-96.35004986900621,32.760555932823436],[-96.37804546267901,32.766830016165656],[-96.4017798344013,32.78457006084252],[-96.41241791933837,32.801854076730514],[-96.41432296139165,32.82121938406217],[-96.40719879993472,32.83971816200202],[-96.39212496469302,32.85453281678543],[-96.37694575925256,32.86183647732283],[-96.33672699521102,32.86291710582077],[-96.30224945184146,32.84127376175497]]],[[[-96.37501368556632,32.927573384187724],[-96.37884524083829,32.90841022140685],[-96.39118312042108,32.89192600796331],[-96.41014625415914,32.88062826950141],[-96.43871072160535,32.876318769687835],[-96.46634256871107,32.88373561022147],[-96.48334975774515,32.89702221168797],[-96.49296650244183,32.914720209037505],[-96.4958462524015,32.93847052709092],[-96.48980375084743,32.957233819040674],[-96.47559375178687,32.972641530945474],[-96.45537798518457,32.982345772412295],[-96.43223724621173,32.98486718283797],[-96.40970053978265,32.979821311939205],[-96.39120427934911,32.96797749453519],[-96.37956595405358,32.951141052639],[-96.37501368556632,32.927573384187724]]],[[[-96.47132807883861,32.733067451548855],[-96.47843196884726,32.714562686009494],[-96.49821807162155,32.696885649738405],[-96.52563320284091,32.68908400108157],[-96.54873595507934,32.69128198673347],[-96.57335302967796,32.70403385070952],[-96.58598864946082,32.72034937435093],[-96.58999113536527,32.73457767441635],[-96.58858832849918,32.765650115569805],[-96.57580925846243,32.787373583462134],[-96.55759443633164,32.79947597366389],[-96.5352129742634,32.80483557644791],[-96.51207751951203,32.802635236593396],[-96.49171629523522,32.79321044699702],[-96.47723240492473,32.777997972624526],[-96.47082948449923,32.75931598504303],[-96.47132807883861,32.733067451548855]]],[[[-96.63278679627689,33.48377880112422],[-96.70320979377672,33.48585749115084],[-96.72678378859051,33.50017419114491],[-96.73941515924754,33.52198093474765],[-96.7387526003837,33.55293520671798],[-96.59183790619369,33.55293083989222],[-96.59065651191376,33.521257422850596],[-96.60349320096834,33.499532688768596],[-96.63278679627689,33.48377880112422]]],[[[-96.52978307659497,33.16075535680475],[-96.53739576361924,33.142392602375416],[-96.55773522135229,33.12508123479433],[-96.58549167830624,33.11777146554475],[-96.60865869375623,33.12037614856083],[-96.63307915113714,33.13355209346054],[-96.6453648391592,33.15007661848346],[-96.6490254281522,33.164363103317356],[-96.64670318811639,33.198147050921506],[-96.6333022664253,33.219625307572684],[-96.61468257999756,33.231394884240665],[-96.59204667156935,33.236353925107906],[-96.56884612008388,33.233746322235234],[-96.54861906003804,33.2239696733697],[-96.53444797649304,33.20851439062999],[-96.52848860966733,33.189735620969756],[-96.52978307659497,33.16075535680475]]],[[[-96.60396234181778,32.33541730812304],[-96.60338823763234,32.315977446607995],[-96.61505882043625,32.293831978391204],[-96.63256943803563,32.28112266974101],[-96.66033055905794,32.27464590584891],[-96.68844688800183,32.27992902872062],[-96.70670246602724,32.29187434917538],[-96.71813566187815,32.3087811499402],[-96.72526850203815,32.3336414424201],[-96.72134530084176,32.35280546669585],[-96.70898499384151,32.36924829838698],[-96.69006667906737,32.38046464824872],[-96.66747255545337,32.384744821081235],[-96.64464793084225,32.38143623848891],[-96.62507344494477,32.37104335253668],[-96.61173177213605,32.35515040664393],[-96.60396234181778,32.33541730812304]]],[[[-96.71660347100732,32.52115395967168],[-96.75282897524346,32.53550286172967],[-96.77671231172543,32.56098435003023],[-96.78346498611805,32.57958195388585],[-96.78120303025186,32.59892686918405],[-96.7702647390446,32.616073572404474],[-96.73585960421444,32.633337405464594],[-96.71262428919916,32.63333750093404],[-96.69116070991262,32.62589550491546],[-96.65577650697594,32.58977785041675],[-96.65154547597731,32.57559407138038],[-96.65383828609164,32.55625102126728],[-96.66479343096793,32.53911387289405],[-96.68216843979866,32.52707627390252],[-96.65273734003173,32.51900407413055],[-96.63065934775686,32.496768662087845],[-96.62623217850022,32.47284187198566],[-96.63922132388409,32.4460428054351],[-96.65703815384195,32.433606644045376],[-96.68498827348645,32.427557159435345],[-96.71303938509776,32.4332680064611],[-96.7310680208459,32.445487422912414],[-96.74361571605769,32.467295649941164],[-96.7437971912433,32.48673597582981],[-96.735087791122,32.504753830714975],[-96.71660347100732,32.52115395967168]]],[[[-96.78745429672587,33.4136258706404],[-96.7346334159792,33.4282216130803],[-96.71128415588242,33.42625624739117],[-96.69535385006665,33.41996823076693],[-96.67882129509614,33.406191623225226],[-96.66992459360289,33.38822824320006],[-96.66914594857293,33.369300080227006],[-96.6734962151444,33.35514936625883],[-96.6865939819197,33.33904650623546],[-96.73242476404717,33.31842189787158],[-96.75546478054571,33.31486402472129],[-96.78369491908289,33.32101583995288],[-96.80509930601619,33.33746046413606],[-96.81462401393944,33.360318654180325],[-96.80991006358028,33.391508661573056],[-96.78745429672587,33.4136258706404]]],[[[-96.68220496727204,33.20394306866844],[-96.68883610079322,33.18531997821445],[-96.70354523736619,33.17021859658776],[-96.72409173129323,33.160935722316886],[-96.74735097233551,33.158882658123616],[-96.76978808387149,33.164371481151385],[-96.78799248967931,33.176567814288006],[-96.79919405984323,33.19361712444099],[-96.80168405847144,33.212925743944155],[-96.7950772677756,33.23155459910465],[-96.78037422762878,33.246666368720064],[-96.7598120125112,33.255958169121755],[-96.73652444191566,33.258013468775424],[-96.71406298754556,33.25251888103248],[-96.69585248533103,33.24031215990323],[-96.68466663636643,33.22325392362808],[-96.68220496727204,33.20394306866844]]],[[[-96.89201729719358,33.003986004567196],[-96.89678737343424,33.023000626141304],[-96.89437412853916,33.037471059712665],[-96.87533517110472,33.061649741010285],[-96.84334010991347,33.072950323202434],[-96.80412082110624,33.06508308707733],[-96.78746490431007,33.05146440823832],[-96.77834965549019,33.03358127085284],[-96.77815843728284,33.01415786527068],[-96.78576985111926,32.99777019263401],[-96.77328810514852,32.96682111347455],[-96.77821769815678,32.938208891441526],[-96.79201955765994,32.922548976778586],[-96.817563049063,32.91103487159202],[-96.84084516444159,32.90997819480857],[-96.86773801564394,32.919112489698364],[-96.88349990935941,32.93343075944705],[-96.89844107962007,32.965466221412],[-96.89972746363425,32.984862183616585],[-96.89201729719358,33.003986004567196]]],[[[-96.90232793547642,32.88950437232315],[-96.88406336587497,32.90157728604873],[-96.86164144167442,32.90690220055845],[-96.838480995672,32.904667244228705],[-96.81811406622086,32.895213189906215],[-96.79233355531088,32.87295510298438],[-96.78171579009792,32.85566024557152],[-96.78080941196971,32.83147314709846],[-96.79126979434395,32.80979430747421],[-96.80635581651872,32.794993280684494],[-96.83277941654192,32.785027590846525],[-96.85605580140182,32.78536000947386],[-96.88205566158162,32.79607436044546],[-96.9102262618402,32.82037208261793],[-96.92219968619075,32.84241431576988],[-96.92030351854086,32.866561098899226],[-96.90232793547642,32.88950437232315]]],[[[-96.87278882398614,32.62579628069666],[-96.90902587226122,32.640206519109796],[-96.93074622845054,32.66548481577742],[-96.9373451244388,32.68412006946005],[-96.93491115713668,32.703447373583515],[-96.92380881084355,32.72052385176146],[-96.8892083230736,32.737573953756396],[-96.86027767529184,32.73620905148895],[-96.82886696499395,32.72422307985242],[-96.81416008613093,32.70916744459629],[-96.8022902600213,32.67926890616182],[-96.80475261253102,32.65994343089884],[-96.81982791909515,32.639279374195866],[-96.84476272756372,32.626993639218384],[-96.87278882398614,32.62579628069666]]],[[[-96.85134566922986,33.552887834150525],[-96.87328601073474,33.53039774684767],[-96.90664980966571,33.521755614300375],[-96.94020706138393,33.52987036246146],[-96.9630794896786,33.55294187450875],[-96.85134566922986,33.552887834150525]]],[[[-96.9727542962394,32.47680594811878],[-96.98368138142848,32.49395359018501],[-96.98623781786901,32.50841701072065],[-96.98509088955655,32.526977122511],[-96.97620465527127,32.54493459341724],[-96.95978536528325,32.558674452719714],[-96.94399765829746,32.56491792147409],[-96.9039588676715,32.56324254209771],[-96.88467268314236,32.552424477582186],[-96.86984529021476,32.53164173311721],[-96.86807671661506,32.50089276716762],[-96.85284583374315,32.473530088643],[-96.85592937341346,32.436312066043136],[-96.8662594561804,32.41890781451348],[-96.8837367302482,32.406142336860654],[-96.91151021771326,32.39957352248026],[-96.93435626502148,32.40280206362629],[-96.95399551067275,32.41311840931572],[-96.96744074763349,32.42895400260635],[-96.97218215000865,32.44302554615246],[-96.9727542962394,32.47680594811878]]],[[[-97.10115130142569,32.847551089009],[-97.13992035354345,32.894088508889496],[-97.14287549221322,32.90849139119428],[-97.13353716350132,32.93633143458685],[-97.10719401455222,32.955152792638415],[-97.06025380686549,32.96538216867552],[-97.01984854011219,32.96523312311954],[-96.99253427492076,32.956976144194094],[-96.95422580694606,32.92613270954489],[-96.941320481332,32.899299929769434],[-96.94387489690322,32.87998886974589],[-96.96041385149339,32.84709338258938],[-96.976969517756,32.83342412929298],[-97.00433100592892,32.825381412422644],[-97.08320017532164,32.83516728133328],[-97.10115130142569,32.847551089009]]],[[[-96.955313017812,33.11988964872487],[-96.9634698529351,33.10168890473285],[-96.97938358551696,33.08746504302496],[-97.0064087845698,33.078487544077475],[-97.02973127664033,33.079677439430085],[-97.05073431112717,33.088191309171755],[-97.06622422141201,33.10273480030923],[-97.073842049801,33.12109607529476],[-97.07311534840863,33.14283561213308],[-97.06165383152609,33.165072121053065],[-97.0441352783751,33.177942230621014],[-97.02201291442645,33.184263530672396],[-96.99865961706358,33.183072243583524],[-96.97763694634541,33.174550013946835],[-96.96214927290723,33.15999608917506],[-96.95455367940332,33.14162845486068],[-96.955313017812,33.11988964872487]]],[[[-97.03506485588062,32.64171464519496],[-97.04581788801207,32.62448528728244],[-97.06362907167562,32.6120070428315],[-97.09161959272531,32.60588752314618],[-97.11444696052142,32.60948112292449],[-97.13389782229714,32.62010732493755],[-97.14701344990357,32.636150450556606],[-97.15555499274468,32.66663557581235],[-97.15352942191566,32.68599627252295],[-97.1389103111506,32.70689095613137],[-97.102708698799,32.721563024897364],[-97.07971644849857,32.74585032883367],[-97.05237399632708,32.75387414709918],[-97.02373135292711,32.750179752694436],[-97.0087768258603,32.74258818719887],[-96.99413243309903,32.727488245305814],[-96.98752473978855,32.7088555699809],[-96.98768655253205,32.68809484001005],[-97.00112956032557,32.661450122221474],[-97.03506485588062,32.64171464519496]]],[[[-97.04319925922827,33.33568223495099],[-97.04975606094274,33.31704196125946],[-97.06442048658353,33.301897241820946],[-97.0849586461697,33.29255146612212],[-97.10824716946176,33.29042549452053],[-97.13074673216038,33.29584248425161],[-97.1490372937928,33.307978985238236],[-97.16033565913267,33.32498958004702],[-97.16291838508964,33.34428651358674],[-97.15638612680925,33.36293251070423],[-97.14172803382914,33.37808764948863],[-97.1211742865298,33.38744243694464],[-97.09785738621517,33.38957073374349],[-97.07533328007334,33.3841480205778],[-97.05703638579965,33.37200110024117],[-97.04575360818212,33.35498149368388],[-97.04319925922827,33.33568223495099]]],[[[-97.13440938759962,32.12887332249535],[-97.10014762960004,32.1387071522734],[-97.06406209825273,32.128881033278326],[-97.13440938759962,32.12887332249535]]],[[[-97.0625317830858,33.46545847906507],[-97.06932158071696,33.44687615880222],[-97.08419020405812,33.431854857901484],[-97.11059620171824,33.42148530836116],[-97.13406429574066,33.42145162875118],[-97.15576470914122,33.42884512288026],[-97.17239823389757,33.44254183262278],[-97.18143259540108,33.460458879971874],[-97.18236011863188,33.48177152060708],[-97.17256798051058,33.50455272366789],[-97.15599068951464,33.51830768824758],[-97.13429899138272,33.52577096540747],[-97.1107997108425,33.52580468483092],[-97.08907673466163,33.51840370494431],[-97.0724416805182,33.50469640043269],[-97.06342709975108,33.48677191265998],[-97.0625317830858,33.46545847906507]]],[[[-97.1793168280577,33.55294830184936],[-97.22041231685608,33.5405954368757],[-97.24334967187859,33.54483304321467],[-97.25870346227829,33.55295066150168],[-97.1793168280577,33.55294830184936]]],[[[-97.56601528866042,33.20004193542866],[-97.60615981827229,33.203900001380575],[-97.63156897203186,33.223660557628406],[-97.63803596738677,33.23724449676039],[-97.64128540283436,33.26324206583196],[-97.62899936380289,33.29027889320415],[-97.59498151293508,33.30843370862934],[-97.57155892662487,33.30905346242421],[-97.55181613846686,33.30320200047935],[-97.53075359800154,33.324523913838654],[-97.49452852011159,33.33318702878051],[-97.49918411419858,33.348165469163185],[-97.49782923403843,33.366027135265774],[-97.48123325326824,33.39143903856313],[-97.45036536877763,33.40492997112419],[-97.41405076017149,33.40131589595807],[-97.40721343712364,33.41989580522982],[-97.39248427900877,33.43500954951304],[-97.35443574245411,33.44657086106212],[-97.31616001757273,33.43553400940953],[-97.29293126703283,33.408265058455086],[-97.27504552132037,33.42250864856531],[-97.25307855108692,33.42934285916703],[-97.22394594453554,33.42735540156632],[-97.20363039958794,33.41763657893956],[-97.18522241852301,33.39309225959515],[-97.18443966169518,33.36393150557991],[-97.17302217319853,33.3468276942237],[-97.17122999839546,33.32269223530793],[-97.18338174454155,33.300705687552025],[-97.21212222421403,33.28435351222592],[-97.24124398108016,33.28285524887044],[-97.28795606810125,33.29478177535006],[-97.30136069743234,33.27042271838105],[-97.33062601820765,33.254736409308855],[-97.3654678136886,33.25516355589964],[-97.39183248819381,33.26936827972071],[-97.39635371607417,33.245088505211164],[-97.4093279110711,33.228924608362824],[-97.43430641157322,33.21645125865398],[-97.46148779643897,33.214977294556334],[-97.43610694051253,33.20028283714814],[-97.422103885919,33.18472457320612],[-97.41634477250562,33.165902533735256],[-97.42106760313588,33.14391739128616],[-97.39976774112982,33.13868642862501],[-97.38465041274587,33.129410737028586],[-97.35693771882116,33.13445551678839],[-97.34961582323271,33.15989689702951],[-97.31423748547193,33.19124125826542],[-97.3098271259568,33.205635660199036],[-97.29668862513796,33.221706373302354],[-97.27713176673778,33.23237948956077],[-97.25070651162902,33.23586694649551],[-97.2349556845675,33.250753601579326],[-97.21410660367737,33.25959657589038],[-97.18495137139635,33.260341064599444],[-97.16348514846088,33.25257864778287],[-97.14430969670086,33.23435749303934],[-97.13776168622805,33.21079034301099],[-97.13957457960399,33.18186153219484],[-97.15252641511059,33.160195802865275],[-97.18181712394197,33.144592371312754],[-97.21266083316036,33.1442365686148],[-97.22081532663643,33.13871449871384],[-97.23057726793726,33.11780754545664],[-97.25468365606422,33.095949938682914],[-97.21559408867975,33.09766187930709],[-97.18643979172055,33.081911317456836],[-97.17273879254189,33.05535046213945],[-97.17338413537426,33.04075172184981],[-97.18205265734805,33.02271571062171],[-97.19835389946876,33.00880972181253],[-97.21980599014613,33.001148529358424],[-97.24314734752716,33.000896823269315],[-97.26100289009469,33.0062409451383],[-97.25609857404774,32.96937391071964],[-97.26084168009521,32.95530721575397],[-97.27434272754202,32.93946510119206],[-97.31307569037027,32.925354398684114],[-97.35211588097053,32.93456463772915],[-97.35614087423605,32.91285472598022],[-97.368814699466,32.89654818267093],[-97.38800712506031,32.885521393927746],[-97.41079849529223,32.881450960275906],[-97.44889733519582,32.89227685173436],[-97.46396166989882,32.90710407168614],[-97.47054132155445,32.92290092524632],[-97.50429037924128,32.920852276825634],[-97.5345827979754,32.93495356062632],[-97.55037657150139,32.96069331993787],[-97.55151106465509,32.99639611026873],[-97.54218137301409,33.0142020099832],[-97.52536718398218,33.027679473743156],[-97.50362853642855,33.034774393188954],[-97.48027952797514,33.03440507406151],[-97.45888108481716,33.02662782892032],[-97.44269517488505,33.01262835290699],[-97.43550023033899,32.99930177882314],[-97.43232340436204,32.977901419862754],[-97.40670807731838,32.98085120732751],[-97.37732129745079,32.97190905872259],[-97.38326379348827,33.006504942134676],[-97.3759915635779,33.0288982682832],[-97.40712478587507,33.04761023076059],[-97.43219425037103,33.044837574392474],[-97.45973072492986,33.052639876312206],[-97.4821962753038,33.07469365250677],[-97.4866554729717,33.100199163043754],[-97.52353915272941,33.1050222719384],[-97.54184573570964,33.11709942177931],[-97.55112998129368,33.129504363051524],[-97.55510609708328,33.15821190377424],[-97.5318609119685,33.1982363458405],[-97.50397976532429,33.21554883473069],[-97.4742887028604,33.2179047724242],[-97.49991100435648,33.22948191692302],[-97.51363569215768,33.21377750175082],[-97.52816224697776,33.20552831627827],[-97.56601528866042,33.20004193542866]],[[-97.40711792064283,33.31084989419711],[-97.4095018215933,33.309554853955476],[-97.40717627300916,33.30743657963326],[-97.40711792064283,33.31084989419711]],[[-97.27463321186725,33.08496221737081],[-97.29851698990284,33.081395047960704],[-97.30547112150995,33.05332294820464],[-97.29206308198712,33.0487490731704],[-97.28784990678085,33.06828309302525],[-97.27463321186725,33.08496221737081]]],[[[-97.36906145782183,32.57420885701437],[-97.39323063420831,32.5848003474406],[-97.40744937816322,32.600168528657456],[-97.41356276700685,32.618919988343954],[-97.41190129992768,32.642772403563384],[-97.40240483527725,32.66051121328635],[-97.38550827278999,32.6738583337865],[-97.34630180345661,32.681076278877825],[-97.32425947806011,32.674897981061186],[-97.30338527737605,32.65812540249211],[-97.29512612526258,32.63995870207542],[-97.29467611449948,32.620666497662434],[-97.26864949069333,32.610088222716],[-97.25142903031121,32.59063690544912],[-97.24721038689145,32.55662923825005],[-97.25729180139662,32.53243782091755],[-97.27205414874692,32.517439981344225],[-97.29820123325838,32.50713483529138],[-97.32139968715373,32.50717126617467],[-97.34281872907411,32.5146399999908],[-97.35920185334011,32.52840558320756],[-97.36805486125891,32.54637457814664],[-97.36906145782183,32.57420885701437]]],[[[-97.42616079258327,32.82275802846512],[-97.42030187541243,32.84645869648841],[-97.40225845551532,32.86731953355416],[-97.38218194399708,32.877186053388286],[-97.35327259416833,32.87937597843215],[-97.33139055352008,32.872687944001605],[-97.31103363703636,32.855440290414926],[-97.30336469433365,32.837093710770716],[-97.30008546996002,32.802067219921625],[-97.30810885534672,32.78382649382477],[-97.3238800060154,32.76953478672883],[-97.3449973997844,32.76136562090675],[-97.3682501204284,32.76056094857172],[-97.39010433993985,32.767243086276125],[-97.41287585407699,32.78457713239925],[-97.42326132266122,32.80317413808116],[-97.42616079258327,32.82275802846512]]],[[[-97.37314015657925,32.35929541765899],[-97.37165288172886,32.33989051943261],[-97.3822778462625,32.31737622924215],[-97.40427280834461,32.30172448238745],[-97.43244537101299,32.29662747557814],[-97.46015274815083,32.30328720387493],[-97.47754883427858,32.316111323762826],[-97.49256282077263,32.34353008784226],[-97.49633711552458,32.3627149431727],[-97.49108064948199,32.38165179831121],[-97.47758815395841,32.39745670145584],[-97.45791175939699,32.40772138118767],[-97.43504974255823,32.41088112553835],[-97.4124884709372,32.406454173829474],[-97.39366821288976,32.3951154823563],[-97.37314015657925,32.35929541765899]]],[[[-97.50107351084986,32.466610182571586],[-97.50745146123121,32.4479187750974],[-97.52186865729946,32.4326951605107],[-97.54212881927977,32.423254812896694],[-97.5651507760851,32.4210330382458],[-97.58743563929949,32.42636757326315],[-97.60559597063522,32.43844746490389],[-97.61686842902392,32.455435840451464],[-97.61953363878699,32.47474827937659],[-97.61317984447072,32.49344515150743],[-97.59876911038675,32.508678845719615],[-97.57849393095412,32.51812798342285],[-97.55544427427334,32.52035210950593],[-97.53313525498478,32.51501210982377],[-97.5149684616832,32.50292213855358],[-97.50371102075593,32.485924972924884],[-97.50107351084986,32.466610182571586]]],[[[-97.53036545669411,32.57879559793574],[-97.53377348754417,32.55956818807242],[-97.54983326108477,32.53943753234381],[-97.57531973936848,32.52801907659355],[-97.59849563474805,32.5270552584919],[-97.62035025967603,32.533590389095494],[-97.6375612239615,32.54663097732026],[-97.64750893251781,32.564193949545924],[-97.6512060717718,32.58974275059941],[-97.64284064185418,32.61291664576923],[-97.62725692425389,32.62733135566353],[-97.60626116778394,32.635655865076565],[-97.58305370591616,32.636621095698835],[-97.56117382703884,32.630079875939465],[-97.54395733384227,32.617029478068176],[-97.53402588885707,32.59945895207877],[-97.53036545669411,32.57879559793574]]],[[[-97.62323555341462,32.735850267641055],[-97.6302031103946,32.717309379031946],[-97.64512861424154,32.70240542047012],[-97.67142464759637,32.692261265515576],[-97.69467626853138,32.69243752746616],[-97.7160804423301,32.70003292712683],[-97.73238288344436,32.71389276056621],[-97.74110158714883,32.731909255948125],[-97.74172067646597,32.755576287474426],[-97.73172322812901,32.778293204627985],[-97.71512025687493,32.79191387232219],[-97.69353175023463,32.79919067345292],[-97.67024883610291,32.79901420418341],[-97.64882234480427,32.791411371607744],[-97.63251857899465,32.777541273154],[-97.62381951966732,32.759517774176715],[-97.62323555341462,32.735850267641055]]],[[[-97.74638225849976,33.552965157045136],[-97.77505096985284,33.54699200523036],[-97.80360318658775,33.55296685785406],[-97.74638225849976,33.552965157045136]]],[[[-97.769073601086,33.16116530939502],[-97.77633802784035,33.14270554022093],[-97.79634771441532,33.125131023793436],[-97.8239625428526,33.11746011972436],[-97.84717579424454,33.11976230968196],[-97.86756568859249,33.129265088279745],[-97.88203131609298,33.144523703078704],[-97.88836894668744,33.16321740182129],[-97.88681957519661,33.19153911990966],[-97.87382832988976,33.213189714015506],[-97.85543551535284,33.22520079166666],[-97.83289815658054,33.23045448865483],[-97.80965272802547,33.2281497760802],[-97.7892442450641,33.2186380690596],[-97.77478298278962,33.203369407616236],[-97.768469049925,33.18467054516404],[-97.769073601086,33.16116530939502]]],[[[-97.87690920474682,32.46798687357038],[-97.86405323935742,32.48416675917606],[-97.84478479209446,32.494987551330276],[-97.81621234006074,32.498564188882256],[-97.79401101679981,32.49293459131331],[-97.77607525749355,32.48060943719726],[-97.76371820535341,32.45872445766923],[-97.763711321714,32.43928263431273],[-97.77202334549341,32.41626686173082],[-97.78488703199513,32.400095594390606],[-97.80962466875309,32.387632308487596],[-97.83267452861472,32.385709038397756],[-97.85484873212332,32.39133207068875],[-97.87625473280715,32.40757018171574],[-97.88515502511494,32.425521666339],[-97.88519152996543,32.44496391142978],[-97.87690920474682,32.46798687357038]]],[[[-97.81321499231457,32.5689914935149],[-97.81952781551811,32.550285775745145],[-97.83390379667706,32.535025113755644],[-97.85415288755597,32.52553061716629],[-97.87719557643513,32.52324582094948],[-97.89952982470516,32.52851804005647],[-97.91776071035444,32.54054580022231],[-97.92911419412023,32.55750016981019],[-97.93185859118233,32.57680192007638],[-97.92557008455802,32.59551306436104],[-97.91120076434032,32.61078382704241],[-97.8909367768626,32.62028718165526],[-97.86786636006352,32.6225744043114],[-97.84550779520487,32.617296758681405],[-97.82727024863274,32.60525889781955],[-97.81593166147513,32.588295670216304],[-97.81321499231457,32.5689914935149]]],[[[-98.0256432882166,32.82560638510019],[-97.99754535618811,32.79838490667571],[-97.99098235148436,32.77481194785998],[-98.00159922671297,32.74729059355949],[-98.02665494478165,32.73011061984181],[-98.0256432882166,32.82560638510019]]]]}},{"type":"Feature","properties":{"layer":"airport","public":false,"id":"TX15","name":"Beggs Ranch/Aledo/"},"geometry":{"type":"Point","coordinates":[-97.61280305,32.75151777]}},{"type":"Feature","properties":{"layer":"airport","public":false,"id":"6XS2","name":"Luscombe Acres"},"geometry":{"type":"Point","coordinates":[-97.19857769,32.34624816]}},{"type":"Feature","properties":{"layer":"airport","public":false,"id":"TA01","name":"Phillips Farm"},"geometry":{"type":"Point","coordinates":[-97.25029027,32.34181111]}},{"type":"Feature","properties":{"layer":"airport","public":false,"id":"12TA","name":"Balentine Woodbine"},"geometry":{"type":"Point","coordinates":[-97.21896961,32.37780944]}},{"type":"Feature","properties":{"layer":"airport","public":false,"id":"TE76","name":"Vance Field"},"geometry":{"type":"Point","coordinates":[-97.68625555,33.36845277]}},{"type":"Feature","properties":{"layer":"airport","public":false,"id":"TT21","name":"Grant Ranch"},"geometry":{"type":"Point","coordinates":[-97.67104166,33.28908333]}},{"type":"Feature","properties":{"layer":"airport","public":false,"id":"88XA","name":"Top Fun Ranch"},"geometry":{"type":"Point","coordinates":[-96.48022222,33.33744444]}},{"type":"Feature","properties":{"layer":"airport","public":false,"id":"TT47","name":"Adams Field"},"geometry":{"type":"Point","coordinates":[-96.49916805,33.38608333]}},{"type":"Feature","properties":{"layer":"airport","public":false,"id":"TX22","name":"Leroux"},"geometry":{"type":"Point","coordinates":[-97.15570416,33.10219591]}},{"type":"Feature","properties":{"layer":"airport","public":true,"id":"GKY","name":"Arlington Municipal","visits":228,"lowest_ft":0,"to_ground":0.877},"geometry":{"type":"Point","coordinates":[-97.09428055,32.66387111]}},{"type":"Feature","properties":{"layer":"airport","public":false,"id":"XS60","name":"Mustang Community Airfield"},"geometry":{"type":"Point","coordinates":[-96.90600305,33.31842111]}},{"type":"Feature","properties":{"layer":"airport","public":false,"id":"06XS","name":"Campbell Field"},"geometry":{"type":"Point","coordinates":[-97.04416666,33.32472222]}},{"type":"Feature","properties":{"layer":"airport","public":false,"id":"5XA9","name":"Venable Airpark"},"geometry":{"type":"Point","coordinates":[-96.99654444,33.33829444]}},{"type":"Feature","properties":{"layer":"airport","public":false,"id":"8XA6","name":"Blackjack Field"},"geometry":{"type":"Point","coordinates":[-96.98,33.31705555]}},{"type":"Feature","properties":{"layer":"airport","public":false,"id":"73TE","name":"Moore Pvt"},"geometry":{"type":"Point","coordinates":[-97.55833333,32.925]}},{"type":"Feature","properties":{"layer":"airport","public":false,"id":"TX29","name":"Flying O"},"geometry":{"type":"Point","coordinates":[-96.70443638,32.28903444]}},{"type":"Feature","properties":{"layer":"airport","public":false,"id":"70TE","name":"Claassen"},"geometry":{"type":"Point","coordinates":[-96.32405833,33.32166666]}},{"type":"Feature","properties":{"layer":"airport","public":false,"id":"99XS","name":"Blue Ridge"},"geometry":{"type":"Point","coordinates":[-96.44688888,33.29401388]}},{"type":"Feature","properties":{"layer":"airport","public":true,"id":"T38","name":"Bar V K","visits":5,"lowest_ft":98,"to_ground":0.6},"geometry":{"type":"Point","coordinates":[-97.24347222,33.37625]}},{"type":"Feature","properties":{"layer":"airport","public":false,"id":"TA87","name":"Carter-Norman"},"geometry":{"type":"Point","coordinates":[-97.54810833,33.10745]}},{"type":"Feature","properties":{"layer":"airport","public":false,"id":"6TS2","name":"Dauenhauer Field"},"geometry":{"type":"Point","coordinates":[-97.635,33.01583333]}},{"type":"Feature","properties":{"layer":"airport","public":false,"id":"3TA7","name":"Jim Sears"},"geometry":{"type":"Point","coordinates":[-97.80447805,33.14372833]}},{"type":"Feature","properties":{"layer":"airport","public":true,"id":"XBP","name":"Bridgeport Municipal","visits":73,"lowest_ft":330,"to_ground":0.123},"geometry":{"type":"Point","coordinates":[-97.82842713,33.17395972]}},{"type":"Feature","properties":{"layer":"airport","public":false,"id":"TA51","name":"Eagle"},"geometry":{"type":"Point","coordinates":[-97.93726055,32.68040972]}},{"type":"Feature","properties":{"layer":"airport","public":false,"id":"3TX9","name":"Rafter J"},"geometry":{"type":"Point","coordinates":[-97.28084777,32.52763805]}},{"type":"Feature","properties":{"layer":"airport","public":true,"id":"7F3","name":"Caddo Mills Municipal","visits":45,"lowest_ft":441,"to_ground":0.089},"geometry":{"type":"Point","coordinates":[-96.24313888,33.03622222]}},{"type":"Feature","properties":{"layer":"airport","public":false,"id":"18TX","name":"Flying 't' Ranch"},"geometry":{"type":"Point","coordinates":[-96.22805555,32.9525]}},{"type":"Feature","properties":{"layer":"airport","public":false,"id":"XA33","name":"Thorny Woods"},"geometry":{"type":"Point","coordinates":[-96.26442222,32.95870277]}},{"type":"Feature","properties":{"layer":"airport","public":false,"id":"TS11","name":"Glenmar"},"geometry":{"type":"Point","coordinates":[-95.92996666,33.10705972]}},{"type":"Feature","properties":{"layer":"airport","public":false,"id":"38TT","name":"Olympus"},"geometry":{"type":"Point","coordinates":[-95.98037222,33.16781944]}},{"type":"Feature","properties":{"layer":"airport","public":false,"id":"TA86","name":"Dennis's Flying Farm"},"geometry":{"type":"Point","coordinates":[-95.93496722,32.60596638]}},{"type":"Feature","properties":{"layer":"airport","public":false,"id":"TX43","name":"Goode Field"},"geometry":{"type":"Point","coordinates":[-96.00274666,32.50986]}},{"type":"Feature","properties":{"layer":"airport","public":false,"id":"80XA","name":"Knight Trow Ranch"},"geometry":{"type":"Point","coordinates":[-95.954513,32.487519]}},{"type":"Feature","properties":{"layer":"airport","public":false,"id":"TT73","name":"Vogt's Vista"},"geometry":{"type":"Point","coordinates":[-95.947774,32.54158944]}},{"type":"Feature","properties":{"layer":"airport","public":false,"id":"79TS","name":"Tallows Field"},"geometry":{"type":"Point","coordinates":[-96.74721777,33.30428083]}},{"type":"Feature","properties":{"layer":"airport","public":true,"id":"T80","name":"Bishop's Landing","visits":5,"lowest_ft":303,"to_ground":0.4},"geometry":{"type":"Point","coordinates":[-96.72893611,33.37652083]}},{"type":"Feature","properties":{"layer":"airport","public":true,"id":"9S1","name":"Four Winds"},"geometry":{"type":"Point","coordinates":[-96.75469444,33.36827638]}},{"type":"Feature","properties":{"layer":"airport","public":false,"id":"1XA8","name":"Hackberry"},"geometry":{"type":"Point","coordinates":[-96.39751111,32.23250555]}},{"type":"Feature","properties":{"layer":"airport","public":false,"id":"XA07","name":"Spectre Field"},"geometry":{"type":"Point","coordinates":[-97.71666666,33.275]}},{"type":"Feature","properties":{"layer":"airport","public":false,"id":"69XA","name":"Richey Airfield"},"geometry":{"type":"Point","coordinates":[-97.77620555,33.34995555]}},{"type":"Feature","properties":{"layer":"airport","public":false,"id":"20XS","name":"Klutts Field"},"geometry":{"type":"Point","coordinates":[-96.37873055,32.83528333]}},{"type":"Feature","properties":{"layer":"airport","public":true,"id":"CPT","name":"Cleburne Regional","visits":47,"lowest_ft":261,"to_ground":0.255},"geometry":{"type":"Point","coordinates":[-97.43375,32.35375]}},{"type":"Feature","properties":{"layer":"airport","public":false,"id":"TX46","name":"Blackwood Airpark"},"geometry":{"type":"Point","coordinates":[-97.38723944,32.40958611]}},{"type":"Feature","properties":{"layer":"airport","public":false,"id":"39TT","name":"Sugar Creek Field"},"geometry":{"type":"Point","coordinates":[-97.30707805,32.3602275]}},{"type":"Feature","properties":{"layer":"airport","public":false,"id":"TX51","name":"Smith"},"geometry":{"type":"Point","coordinates":[-96.32942361,32.20014916]}},{"type":"Feature","properties":{"layer":"airport","public":false,"id":"90TE","name":"The Homestead"},"geometry":{"type":"Point","coordinates":[-96.43859166,32.19570277]}},{"type":"Feature","properties":{"layer":"airport","public":false,"id":"TE52","name":"Chigger Field"},"geometry":{"type":"Point","coordinates":[-97.58863333,32.53596944]}},{"type":"Feature","properties":{"layer":"airport","public":false,"id":"3XA8","name":"Chicken Strip"},"geometry":{"type":"Point","coordinates":[-97.59475833,32.51373055]}},{"type":"Feature","properties":{"layer":"airport","public":true,"id":"F69","name":"Air Park-Dallas","visits":7,"lowest_ft":54,"to_ground":1.0},"geometry":{"type":"Point","coordinates":[-96.83694611,33.02345472]}},{"type":"Feature","properties":{"layer":"airport","public":true,"id":"1F7","name":"Airpark East"},"geometry":{"type":"Point","coordinates":[-96.35203255,32.81293338]}},{"type":"Feature","properties":{"layer":"airport","public":true,"id":"RBD","name":"Dallas Executive","visits":229,"lowest_ft":0,"to_ground":0.921},"geometry":{"type":"Point","coordinates":[-96.86877777,32.68130555]}},{"type":"Feature","properties":{"layer":"airport","public":true,"id":"ADS","name":"Addison","visits":779,"lowest_ft":2,"to_ground":0.883},"geometry":{"type":"Point","coordinates":[-96.83645305,32.96855416]}},{"type":"Feature","properties":{"layer":"airport","public":true,"id":"TKI","name":"McKinney National","visits":316,"lowest_ft":296,"to_ground":0.079},"geometry":{"type":"Point","coordinates":[-96.58876666,33.17706527]}},{"type":"Feature","properties":{"layer":"airport","public":true,"id":"DFW","name":"Dallas-Fort Worth Intl","visits":5113,"lowest_ft":0,"to_ground":0.992},"geometry":{"type":"Point","coordinates":[-97.03769472,32.89723305]}},{"type":"Feature","properties":{"layer":"airport","public":true,"id":"DAL","name":"Dallas Love Field","visits":2619,"lowest_ft":0,"to_ground":0.874},"geometry":{"type":"Point","coordinates":[-96.85087666,32.84594472]}},{"type":"Feature","properties":{"layer":"airport","public":true,"id":"LUD","name":"Decatur Municipal","visits":93,"lowest_ft":412,"to_ground":0.172},"geometry":{"type":"Point","coordinates":[-97.5805,33.25425]}},{"type":"Feature","properties":{"layer":"airport","public":true,"id":"09T","name":"Lazy G Bar Ranch"},"geometry":{"type":"Point","coordinates":[-97.49669333,33.28132069]}},{"type":"Feature","properties":{"layer":"airport","public":false,"id":"TX64","name":"Lazy 9 Ranch"},"geometry":{"type":"Point","coordinates":[-97.52724861,33.29928194]}},{"type":"Feature","properties":{"layer":"airport","public":true,"id":"76T","name":"Bishop"},"geometry":{"type":"Point","coordinates":[-97.45186111,33.26916666]}},{"type":"Feature","properties":{"layer":"airport","public":true,"id":"58T","name":"Heritage Creek Airstrip"},"geometry":{"type":"Point","coordinates":[-97.47988888,33.16602777]}},{"type":"Feature","properties":{"layer":"airport","public":false,"id":"XA34","name":"Allison Farm"},"geometry":{"type":"Point","coordinates":[-97.428,33.24166666]}},{"type":"Feature","properties":{"layer":"airport","public":false,"id":"XA98","name":"Jbj Ranch"},"geometry":{"type":"Point","coordinates":[-97.45806666,33.3027]}},{"type":"Feature","properties":{"layer":"airport","public":false,"id":"XA99","name":"Flat Bush"},"geometry":{"type":"Point","coordinates":[-97.60705,33.13438333]}},{"type":"Feature","properties":{"layer":"airport","public":true,"id":"35X","name":"Triple-Ace Field","visits":13,"lowest_ft":681,"to_ground":0.077},"geometry":{"type":"Point","coordinates":[-97.55355555,33.25185555]}},{"type":"Feature","properties":{"layer":"airport","public":false,"id":"62TS","name":"Flack Field"},"geometry":{"type":"Point","coordinates":[-97.52805277,33.11345833]}},{"type":"Feature","properties":{"layer":"airport","public":false,"id":"67TT","name":"Fleck"},"geometry":{"type":"Point","coordinates":[-97.44460972,33.34889305]}},{"type":"Feature","properties":{"layer":"airport","public":false,"id":"3XS0","name":"Hartlee Field"},"geometry":{"type":"Point","coordinates":[-97.07112138,33.26845111]}},{"type":"Feature","properties":{"layer":"airport","public":false,"id":"4TA1","name":"Warschun Ranch"},"geometry":{"type":"Point","coordinates":[-97.11140055,33.30289444]}},{"type":"Feature","properties":{"layer":"airport","public":false,"id":"TE81","name":"Smither Field"},"geometry":{"type":"Point","coordinates":[-97.09277777,33.30972222]}},{"type":"Feature","properties":{"layer":"airport","public":true,"id":"DTO","name":"Denton Enterprise","visits":407,"lowest_ft":158,"to_ground":0.256},"geometry":{"type":"Point","coordinates":[-97.1990975,33.20196055]}},{"type":"Feature","properties":{"layer":"airport","public":true,"id":"F41","name":"Ennis Municipal","visits":14,"lowest_ft":2,"to_ground":0.929},"geometry":{"type":"Point","coordinates":[-96.66389916,32.32969805]}},{"type":"Feature","properties":{"layer":"airport","public":false,"id":"TE40","name":"B.s. Air Ranch"},"geometry":{"type":"Point","coordinates":[-96.61095036,32.40776552]}},{"type":"Feature","properties":{"layer":"airport","public":false,"id":"TX94","name":"Flying D Ranch"},"geometry":{"type":"Point","coordinates":[-97.2755793,33.45268333]}},{"type":"Feature","properties":{"layer":"airport","public":false,"id":"TE39","name":"Bucker Field"},"geometry":{"type":"Point","coordinates":[-97.27237777,33.44227222]}},{"type":"Feature","properties":{"layer":"airport","public":false,"id":"TX39","name":"Ruby Field"},"geometry":{"type":"Point","coordinates":[-97.25064444,33.47723888]}},{"type":"Feature","properties":{"layer":"airport","public":false,"id":"00TS","name":"Alpine Range"},"geometry":{"type":"Point","coordinates":[-97.24232222,32.60793888]}},{"type":"Feature","properties":{"layer":"airport","public":false,"id":"8TA5","name":"Short Stop"},"geometry":{"type":"Point","coordinates":[-96.32220277,33.16317138]}},{"type":"Feature","properties":{"layer":"airport","public":false,"id":"0TX7","name":"Twisted Js"},"geometry":{"type":"Point","coordinates":[-96.39002777,33.09294444]}},{"type":"Feature","properties":{"layer":"airport","public":false,"id":"0TX5","name":"Shiloh"},"geometry":{"type":"Point","coordinates":[-97.11973361,33.02401166]}},{"type":"Feature","properties":{"layer":"airport","public":false,"id":"TA18","name":"Sunset"},"geometry":{"type":"Point","coordinates":[-96.47943138,32.70707472]}},{"type":"Feature","properties":{"layer":"airport","public":true,"id":"FTW","name":"Fort Worth Meacham Intl","visits":716,"lowest_ft":166,"to_ground":0.292},"geometry":{"type":"Point","coordinates":[-97.36245,32.81977027]}},{"type":"Feature","properties":{"layer":"airport","public":false,"id":"TS00","name":"Fuller","visits":43,"lowest_ft":69,"to_ground":0.698},"geometry":{"type":"Point","coordinates":[-97.18084555,32.78818527]}},{"type":"Feature","properties":{"layer":"airport","public":true,"id":"50F","name":"Bourland Field","visits":34,"lowest_ft":242,"to_ground":0.265},"geometry":{"type":"Point","coordinates":[-97.59077777,32.58183333]}},{"type":"Feature","properties":{"layer":"airport","public":true,"id":"4T2","name":"Kenneth Copeland","visits":17,"lowest_ft":67,"to_ground":0.588},"geometry":{"type":"Point","coordinates":[-97.49229366,32.97763172]}},{"type":"Feature","properties":{"layer":"airport","public":true,"id":"T67","name":"Hicks Airfield","visits":72,"lowest_ft":113,"to_ground":0.444},"geometry":{"type":"Point","coordinates":[-97.41168583,32.93123666]}},{"type":"Feature","properties":{"layer":"airport","public":true,"id":"9F9","name":"Sycamore Strip"},"geometry":{"type":"Point","coordinates":[-97.35400694,32.62702777]}},{"type":"Feature","properties":{"layer":"airport","public":false,"id":"2TE2","name":"Flying Oaks"},"geometry":{"type":"Point","coordinates":[-97.53494305,32.82926666]}},{"type":"Feature","properties":{"layer":"airport","public":false,"id":"NFW","name":"Fort Worth NAS JRB (Carswell Field)","visits":35,"lowest_ft":125,"to_ground":0.371},"geometry":{"type":"Point","coordinates":[-97.44153472,32.76918611]}},{"type":"Feature","properties":{"layer":"airport","public":true,"id":"FWS","name":"Fort Worth Spinks","visits":135,"lowest_ft":41,"to_ground":0.57},"geometry":{"type":"Point","coordinates":[-97.30843944,32.56513361]}},{"type":"Feature","properties":{"layer":"airport","public":true,"id":"AFW","name":"Perot Field/Fort Worth Alliance","visits":493,"lowest_ft":245,"to_ground":0.217},"geometry":{"type":"Point","coordinates":[-97.31942944,32.99030666]}},{"type":"Feature","properties":{"layer":"airport","public":false,"id":"TA35","name":"Rancho Hielo Brazos"},"geometry":{"type":"Point","coordinates":[-97.84234944,32.20047888]}},{"type":"Feature","properties":{"layer":"airport","public":false,"id":"09TE","name":"Running M Ranch"},"geometry":{"type":"Point","coordinates":[-97.86697611,32.26680777]}},{"type":"Feature","properties":{"layer":"airport","public":false,"id":"8TS7","name":"Wyatt 3-Rivers"},"geometry":{"type":"Point","coordinates":[-97.72613861,32.24486527]}},{"type":"Feature","properties":{"layer":"airport","public":false,"id":"41TA","name":"Circle P Ranch"},"geometry":{"type":"Point","coordinates":[-97.87063888,32.23731944]}},{"type":"Feature","properties":{"layer":"airport","public":false,"id":"TS61","name":"Little 'l' Ranch"},"geometry":{"type":"Point","coordinates":[-97.64216666,32.21166666]}},{"type":"Feature","properties":{"layer":"airport","public":false,"id":"XA04","name":"Circle Eight Ranch"},"geometry":{"type":"Point","coordinates":[-97.89964377,32.23761861]}},{"type":"Feature","properties":{"layer":"airport","public":false,"id":"59TX","name":"Benjamin Franklin"},"geometry":{"type":"Point","coordinates":[-97.49027777,32.48722222]}},{"type":"Feature","properties":{"layer":"airport","public":true,"id":"20T","name":"Aresti Aerodrome"},"geometry":{"type":"Point","coordinates":[-97.56030055,32.47069472]}},{"type":"Feature","properties":{"layer":"airport","public":false,"id":"35TT","name":"Hawkins Field"},"geometry":{"type":"Point","coordinates":[-97.50166111,32.47353888]}},{"type":"Feature","properties":{"layer":"airport","public":true,"id":"GDJ","name":"Granbury Regional","visits":59,"lowest_ft":109,"to_ground":0.492},"geometry":{"type":"Point","coordinates":[-97.82137277,32.44307222]}},{"type":"Feature","properties":{"layer":"airport","public":false,"id":"TS89","name":"Parker"},"geometry":{"type":"Point","coordinates":[-97.80872222,32.35113888]}},{"type":"Feature","properties":{"layer":"airport","public":false,"id":"66TE","name":"The Landings","visits":18,"lowest_ft":618,"to_ground":0.0},"geometry":{"type":"Point","coordinates":[-97.64501111,32.36552083]}},{"type":"Feature","properties":{"layer":"airport","public":false,"id":"0TX0","name":"Nassau Bay"},"geometry":{"type":"Point","coordinates":[-97.712805,32.41958361]}},{"type":"Feature","properties":{"layer":"airport","public":false,"id":"0TX1","name":"Pecan Plantation","visits":18,"lowest_ft":385,"to_ground":0.056},"geometry":{"type":"Point","coordinates":[-97.67615,32.35368888]}},{"type":"Feature","properties":{"layer":"airport","public":false,"id":"TA90","name":"Doublewide Ranch"},"geometry":{"type":"Point","coordinates":[-97.8154875,32.379356]}},{"type":"Feature","properties":{"layer":"airport","public":true,"id":"GPM","name":"Grand Prairie Municipal","visits":166,"lowest_ft":0,"to_ground":0.958},"geometry":{"type":"Point","coordinates":[-97.04691666,32.69877777]}},{"type":"Feature","properties":{"layer":"airport","public":false,"id":"11TE","name":"Flying M Ranch"},"geometry":{"type":"Point","coordinates":[-97.204455,32.30014555]}},{"type":"Feature","properties":{"layer":"airport","public":false,"id":"3XA0","name":"Drennan"},"geometry":{"type":"Point","coordinates":[-97.23111111,32.31388888]}},{"type":"Feature","properties":{"layer":"airport","public":false,"id":"XA75","name":"Double A"},"geometry":{"type":"Point","coordinates":[-97.09966666,32.324]}},{"type":"Feature","properties":{"layer":"airport","public":false,"id":"22TA","name":"Pharmnall"},"geometry":{"type":"Point","coordinates":[-97.14021666,32.21538055]}},{"type":"Feature","properties":{"layer":"airport","public":true,"id":"GVT","name":"Majors","visits":47,"lowest_ft":448,"to_ground":0.0},"geometry":{"type":"Point","coordinates":[-96.06533333,33.06783333]}},{"type":"Feature","properties":{"layer":"airport","public":false,"id":"0TX9","name":"Card Aerodrome"},"geometry":{"type":"Point","coordinates":[-96.11629255,33.26127041]}},{"type":"Feature","properties":{"layer":"airport","public":false,"id":"77TA","name":"Sword's Landing"},"geometry":{"type":"Point","coordinates":[-96.01194444,33.15083333]}},{"type":"Feature","properties":{"layer":"airport","public":false,"id":"37TS","name":"Jlinn"},"geometry":{"type":"Point","coordinates":[-96.03997055,32.99067416]}},{"type":"Feature","properties":{"layer":"airport","public":false,"id":"XS14","name":"Weese Intl"},"geometry":{"type":"Point","coordinates":[-96.07055555,32.96944444]}},{"type":"Feature","properties":{"layer":"airport","public":false,"id":"74XA","name":"Gun Barrel City Airpark"},"geometry":{"type":"Point","coordinates":[-96.14555555,32.35472222]}},{"type":"Feature","properties":{"layer":"airport","public":false,"id":"TE45","name":"Buffalo Chips Airpark"},"geometry":{"type":"Point","coordinates":[-97.46529777,32.46986166]}},{"type":"Feature","properties":{"layer":"airport","public":true,"id":"16X","name":"Propwash","visits":21,"lowest_ft":277,"to_ground":0.238},"geometry":{"type":"Point","coordinates":[-97.35841666,33.08061111]}},{"type":"Feature","properties":{"layer":"airport","public":false,"id":"7XA2","name":"Sagebrush"},"geometry":{"type":"Point","coordinates":[-97.37401388,33.14888333]}},{"type":"Feature","properties":{"layer":"airport","public":true,"id":"3T6","name":"Clark"},"geometry":{"type":"Point","coordinates":[-97.29702777,33.13361111]}},{"type":"Feature","properties":{"layer":"airport","public":false,"id":"3TX7","name":"Flying P"},"geometry":{"type":"Point","coordinates":[-97.37111111,33.14083333]}},{"type":"Feature","properties":{"layer":"airport","public":false,"id":"2TX7","name":"Jw"},"geometry":{"type":"Point","coordinates":[-97.39613138,33.09456611]}},{"type":"Feature","properties":{"layer":"airport","public":true,"id":"XA0","name":"Prose Field"},"geometry":{"type":"Point","coordinates":[-97.28002777,33.14816666]}},{"type":"Feature","properties":{"layer":"airport","public":false,"id":"XA49","name":"Blue Jay Airfield"},"geometry":{"type":"Point","coordinates":[-97.26787222,33.09044722]}},{"type":"Feature","properties":{"layer":"airport","public":false,"id":"TA46","name":"Baum"},"geometry":{"type":"Point","coordinates":[-96.401095,32.56263583]}},{"type":"Feature","properties":{"layer":"airport","public":false,"id":"0TA4","name":"Erco Field"},"geometry":{"type":"Point","coordinates":[-96.27053444,32.49791583]}},{"type":"Feature","properties":{"layer":"airport","public":false,"id":"XA42","name":"Tali Homma Field"},"geometry":{"type":"Point","coordinates":[-96.38581805,32.37569722]}},{"type":"Feature","properties":{"layer":"airport","public":false,"id":"8TS6","name":"Moore"},"geometry":{"type":"Point","coordinates":[-96.32248083,32.5331925]}},{"type":"Feature","properties":{"layer":"airport","public":false,"id":"TX67","name":"Hodges Air Field"},"geometry":{"type":"Point","coordinates":[-97.3025,32.3606]}},{"type":"Feature","properties":{"layer":"airport","public":false,"id":"4TX2","name":"Stage Coach Hills"},"geometry":{"type":"Point","coordinates":[-97.23362583,32.96679138]}},{"type":"Feature","properties":{"layer":"airport","public":false,"id":"7TX4","name":"Hillcrest"},"geometry":{"type":"Point","coordinates":[-97.27529361,32.96679138]}},{"type":"Feature","properties":{"layer":"airport","public":false,"id":"4TX5","name":"Hancock"},"geometry":{"type":"Point","coordinates":[-96.25969916,32.22987027]}},{"type":"Feature","properties":{"layer":"airport","public":false,"id":"4TX8","name":"Addington Field","visits":7,"lowest_ft":396,"to_ground":0.286},"geometry":{"type":"Point","coordinates":[-97.22390527,33.24872916]}},{"type":"Feature","properties":{"layer":"airport","public":false,"id":"2TX8","name":"Eagle's Landing"},"geometry":{"type":"Point","coordinates":[-97.37974361,33.30817138]}},{"type":"Feature","properties":{"layer":"airport","public":false,"id":"TA47","name":"Richards"},"geometry":{"type":"Point","coordinates":[-97.245,33.30138888]}},{"type":"Feature","properties":{"layer":"airport","public":true,"id":"E58","name":"Bird Dog Airfield"},"geometry":{"type":"Point","coordinates":[-97.34712777,33.30645555]}},{"type":"Feature","properties":{"layer":"airport","public":false,"id":"XA72","name":"Stocker"},"geometry":{"type":"Point","coordinates":[-97.28944444,33.27694444]}},{"type":"Feature","properties":{"layer":"airport","public":false,"id":"85XA","name":"Windmillcreek"},"geometry":{"type":"Point","coordinates":[-97.31116111,33.30955]}},{"type":"Feature","properties":{"layer":"airport","public":true,"id":"30F","name":"Lakeview"},"geometry":{"type":"Point","coordinates":[-97.01419444,33.13138888]}},{"type":"Feature","properties":{"layer":"airport","public":false,"id":"5TX0","name":"Hidden Valley Airpark","visits":19,"lowest_ft":100,"to_ground":0.526},"geometry":{"type":"Point","coordinates":[-97.05139833,33.17345305]}},{"type":"Feature","properties":{"layer":"airport","public":true,"id":"LNC","name":"Lancaster Regional","visits":70,"lowest_ft":32,"to_ground":0.643},"geometry":{"type":"Point","coordinates":[-96.71750277,32.57760416]}},{"type":"Feature","properties":{"layer":"airport","public":false,"id":"5TX2","name":"Grove Hill"},"geometry":{"type":"Point","coordinates":[-96.21692194,33.42233138]}},{"type":"Feature","properties":{"layer":"airport","public":false,"id":"TE06","name":"Casey Field"},"geometry":{"type":"Point","coordinates":[-96.316925,33.37927722]}},{"type":"Feature","properties":{"layer":"airport","public":false,"id":"6TA2","name":"Flying Tiger Field"},"geometry":{"type":"Point","coordinates":[-96.36222222,33.37222222]}},{"type":"Feature","properties":{"layer":"airport","public":false,"id":"15TT","name":"Aeroplex Airfield"},"geometry":{"type":"Point","coordinates":[-96.55168577,33.11622305]}},{"type":"Feature","properties":{"layer":"airport","public":false,"id":"XS42","name":"Embarcadero"},"geometry":{"type":"Point","coordinates":[-96.51672222,33.266375]}},{"type":"Feature","properties":{"layer":"airport","public":false,"id":"TS63","name":"Square Air"},"geometry":{"type":"Point","coordinates":[-96.56415555,33.24594833]}},{"type":"Feature","properties":{"layer":"airport","public":true,"id":"T31","name":"Aero Country","visits":48,"lowest_ft":46,"to_ground":0.75},"geometry":{"type":"Point","coordinates":[-96.74194111,33.20845]}},{"type":"Feature","properties":{"layer":"airport","public":false,"id":"6TX7","name":"Flying L Airpark"},"geometry":{"type":"Point","coordinates":[-97.13084277,32.5376375]}},{"type":"Feature","properties":{"layer":"airport","public":false,"id":"34TE","name":"Bee Creek"},"geometry":{"type":"Point","coordinates":[-97.00861222,32.23209166]}},{"type":"Feature","properties":{"layer":"airport","public":false,"id":"19XS","name":"Draggintail Acres"},"geometry":{"type":"Point","coordinates":[-97.08689166,32.29719444]}},{"type":"Feature","properties":{"layer":"airport","public":false,"id":"TA26","name":"Coyote Crossing"},"geometry":{"type":"Point","coordinates":[-97.05680555,32.29636111]}},{"type":"Feature","properties":{"layer":"airport","public":false,"id":"31XS","name":"Fly-N-Ski"},"geometry":{"type":"Point","coordinates":[-96.27025555,33.183725]}},{"type":"Feature","properties":{"layer":"airport","public":false,"id":"TE44","name":"R-Ranch Airstrip"},"geometry":{"type":"Point","coordinates":[-96.28866666,33.24225]}},{"type":"Feature","properties":{"layer":"airport","public":false,"id":"TT99","name":"Leinart Farms Airstrip"},"geometry":{"type":"Point","coordinates":[-96.21984166,33.19205833]}},{"type":"Feature","properties":{"layer":"airport","public":true,"id":"HQZ","name":"Mesquite Metro","visits":85,"lowest_ft":92,"to_ground":0.553},"geometry":{"type":"Point","coordinates":[-96.53041722,32.74696277]}},{"type":"Feature","properties":{"layer":"airport","public":false,"id":"TA11","name":"Tsa"},"geometry":{"type":"Point","coordinates":[-97.01417027,32.38347527]}},{"type":"Feature","properties":{"layer":"airport","public":true,"id":"T56","name":"Eagle's Nest Estates","visits":17,"lowest_ft":0,"to_ground":1.0},"geometry":{"type":"Point","coordinates":[-96.9267768,32.51281222]}},{"type":"Feature","properties":{"layer":"airport","public":true,"id":"JWY","name":"Mid-Way Regional","visits":86,"lowest_ft":0,"to_ground":0.884},"geometry":{"type":"Point","coordinates":[-96.91252638,32.45829305]}},{"type":"Feature","properties":{"layer":"airport","public":false,"id":"TE34","name":"Reb Folbre's Place"},"geometry":{"type":"Point","coordinates":[-97.97281861,32.76263]}},{"type":"Feature","properties":{"layer":"airport","public":false,"id":"78XA","name":"Wayport"},"geometry":{"type":"Point","coordinates":[-97.91773888,32.73920555]}},{"type":"Feature","properties":{"layer":"airport","public":false,"id":"XA78","name":"Melody Ranch"},"geometry":{"type":"Point","coordinates":[-97.07098055,33.46230833]}},{"type":"Feature","properties":{"layer":"airport","public":false,"id":"3TE3","name":"Nevada Airpark"},"geometry":{"type":"Point","coordinates":[-96.431825,33.07400833]}},{"type":"Feature","properties":{"layer":"airport","public":false,"id":"XS05","name":"Freedom"},"geometry":{"type":"Point","coordinates":[-97.39833888,33.07282777]}},{"type":"Feature","properties":{"layer":"airport","public":false,"id":"TS71","name":"Flying B Ranch"},"geometry":{"type":"Point","coordinates":[-96.94389194,32.527915]}},{"type":"Feature","properties":{"layer":"airport","public":true,"id":"T13","name":"Dallas South Port"},"geometry":{"type":"Point","coordinates":[-96.68541666,32.47738333]}},{"type":"Feature","properties":{"layer":"airport","public":false,"id":"0XA0","name":"Rnw"},"geometry":{"type":"Point","coordinates":[-97.70848055,33.01400555]}},{"type":"Feature","properties":{"layer":"airport","public":false,"id":"4XS2","name":"Felton Field"},"geometry":{"type":"Point","coordinates":[-97.73166666,33.17055555]}},{"type":"Feature","properties":{"layer":"airport","public":false,"id":"TE16","name":"Cow Pasture"},"geometry":{"type":"Point","coordinates":[-97.29723583,32.250425]}},{"type":"Feature","properties":{"layer":"airport","public":false,"id":"TX74","name":"Thomas Flying Field"},"geometry":{"type":"Point","coordinates":[-97.27527777,32.26138888]}},{"type":"Feature","properties":{"layer":"airport","public":false,"id":"88TT","name":"Shady Lane Ranch"},"geometry":{"type":"Point","coordinates":[-97.00112777,33.35118888]}},{"type":"Feature","properties":{"layer":"airport","public":true,"id":"74T","name":"Hicks","visits":5,"lowest_ft":86,"to_ground":0.6},"geometry":{"type":"Point","coordinates":[-97.2546125,33.18301111]}},{"type":"Feature","properties":{"layer":"airport","public":false,"id":"XA10","name":"Ponderosa Field"},"geometry":{"type":"Point","coordinates":[-97.33876944,33.23191666]}},{"type":"Feature","properties":{"layer":"airport","public":false,"id":"27XA","name":"Arnett Landing"},"geometry":{"type":"Point","coordinates":[-97.88991666,32.97938888]}},{"type":"Feature","properties":{"layer":"airport","public":true,"id":"T14","name":"Rockin M"},"geometry":{"type":"Point","coordinates":[-96.09589305,32.95249583]}},{"type":"Feature","properties":{"layer":"airport","public":false,"id":"TT12","name":"Pastrana Ranch"},"geometry":{"type":"Point","coordinates":[-97.69338888,32.27246111]}},{"type":"Feature","properties":{"layer":"airport","public":false,"id":"5XS0","name":"Tnt"},"geometry":{"type":"Point","coordinates":[-96.26475,33.49665]}},{"type":"Feature","properties":{"layer":"airport","public":false,"id":"TA02","name":"Howard Field"},"geometry":{"type":"Point","coordinates":[-97.46418888,33.10289916]}},{"type":"Feature","properties":{"layer":"airport","public":true,"id":"T76","name":"Rhome Meadows"},"geometry":{"type":"Point","coordinates":[-97.496135,33.14928666]}},{"type":"Feature","properties":{"layer":"airport","public":true,"id":"70T","name":"Fairview"},"geometry":{"type":"Point","coordinates":[-97.42722222,33.09444444]}},{"type":"Feature","properties":{"layer":"airport","public":false,"id":"TE47","name":"Cross Wind Acres"},"geometry":{"type":"Point","coordinates":[-97.31779166,32.20903722]}},{"type":"Feature","properties":{"layer":"airport","public":true,"id":"52F","name":"Aero Valley","visits":89,"lowest_ft":132,"to_ground":0.438},"geometry":{"type":"Point","coordinates":[-97.2322375,33.04984472]}},{"type":"Feature","properties":{"layer":"airport","public":true,"id":"F46","name":"Ralph M Hall/Rockwall Municipal","visits":40,"lowest_ft":43,"to_ground":0.775},"geometry":{"type":"Point","coordinates":[-96.43548555,32.93059444]}},{"type":"Feature","properties":{"layer":"airport","public":true,"id":"T48","name":"Poetry Flying Ranch"},"geometry":{"type":"Point","coordinates":[-96.21914166,32.86812222]}},{"type":"Feature","properties":{"layer":"airport","public":false,"id":"XA16","name":"Tightwaad Air Ranch"},"geometry":{"type":"Point","coordinates":[-97.46555555,33.49416666]}},{"type":"Feature","properties":{"layer":"airport","public":false,"id":"33XA","name":"Poetry Landing"},"geometry":{"type":"Point","coordinates":[-96.30829027,32.85695555]}},{"type":"Feature","properties":{"layer":"airport","public":false,"id":"TT32","name":"Kudlacek Field"},"geometry":{"type":"Point","coordinates":[-96.41047222,33.01191666]}},{"type":"Feature","properties":{"layer":"airport","public":false,"id":"84TT","name":"Chute Happens"},"geometry":{"type":"Point","coordinates":[-96.23787311,32.90098536]}},{"type":"Feature","properties":{"layer":"airport","public":true,"id":"T58","name":"Ironhead"},"geometry":{"type":"Point","coordinates":[-97.23029388,33.3317825]}},{"type":"Feature","properties":{"layer":"airport","public":false,"id":"TE24","name":"Horseshoe Lake"},"geometry":{"type":"Point","coordinates":[-97.2052925,33.39316944]}},{"type":"Feature","properties":{"layer":"airport","public":false,"id":"TX96","name":"Maxwell Field"},"geometry":{"type":"Point","coordinates":[-97.25696138,33.39928055]}},{"type":"Feature","properties":{"layer":"airport","public":false,"id":"TS74","name":"Glass"},"geometry":{"type":"Point","coordinates":[-97.29446277,33.36261444]}},{"type":"Feature","properties":{"layer":"airport","public":true,"id":"6X8","name":"Vultures Row"},"geometry":{"type":"Point","coordinates":[-97.10305555,33.34]}},{"type":"Feature","properties":{"layer":"airport","public":true,"id":"T87","name":"Flying C"},"geometry":{"type":"Point","coordinates":[-97.27,33.34222222]}},{"type":"Feature","properties":{"layer":"airport","public":false,"id":"XA03","name":"Edgington Ranch"},"geometry":{"type":"Point","coordinates":[-97.27127916,33.42775277]}},{"type":"Feature","properties":{"layer":"airport","public":false,"id":"9TE0","name":"Twin Acres"},"geometry":{"type":"Point","coordinates":[-96.38355833,32.39916666]}},{"type":"Feature","properties":{"layer":"airport","public":false,"id":"5TA9","name":"Seagoville"},"geometry":{"type":"Point","coordinates":[-96.52611111,32.60916666]}},{"type":"Feature","properties":{"layer":"airport","public":true,"id":"3TX","name":"Akroville"},"geometry":{"type":"Point","coordinates":[-97.35384722,33.39285063]}},{"type":"Feature","properties":{"layer":"airport","public":true,"id":"T28","name":"Cain"},"geometry":{"type":"Point","coordinates":[-97.43914722,33.35444027]}},{"type":"Feature","properties":{"layer":"airport","public":false,"id":"93XS","name":"Underline Ok"},"geometry":{"type":"Point","coordinates":[-97.71392777,32.92909722]}},{"type":"Feature","properties":{"layer":"airport","public":false,"id":"61TE","name":"Kezer Air Ranch"},"geometry":{"type":"Point","coordinates":[-97.62076666,32.98231666]}},{"type":"Feature","properties":{"layer":"airport","public":false,"id":"6XS7","name":"Eugene's Dream"},"geometry":{"type":"Point","coordinates":[-97.67480555,33.04527777]}},{"type":"Feature","properties":{"layer":"airport","public":true,"id":"TRL","name":"Terrell Municipal","visits":84,"lowest_ft":88,"to_ground":0.548},"geometry":{"type":"Point","coordinates":[-96.26709444,32.70849444]}},{"type":"Feature","properties":{"layer":"airport","public":false,"id":"8XS6","name":"Mc Manus Field"},"geometry":{"type":"Point","coordinates":[-96.83277777,33.45222222]}},{"type":"Feature","properties":{"layer":"airport","public":false,"id":"23TA","name":"Rowland R Airfield"},"geometry":{"type":"Point","coordinates":[-96.45581805,33.48733083]}},{"type":"Feature","properties":{"layer":"airport","public":false,"id":"48TX","name":"Tri-County Aerodrome"},"geometry":{"type":"Point","coordinates":[-96.37728888,33.45191944]}},{"type":"Feature","properties":{"layer":"airport","public":false,"id":"52TA","name":"Red Wing"},"geometry":{"type":"Point","coordinates":[-96.35025972,33.46399777]}},{"type":"Feature","properties":{"layer":"airport","public":false,"id":"3XA1","name":"Hardy Field"},"geometry":{"type":"Point","coordinates":[-97.16926666,33.47395]}},{"type":"Feature","properties":{"layer":"airport","public":true,"id":"X16","name":"Tailwheel Acres"},"geometry":{"type":"Point","coordinates":[-97.12243975,33.47363066]}},{"type":"Feature","properties":{"layer":"airport","public":false,"id":"54XA","name":"Flaherty"},"geometry":{"type":"Point","coordinates":[-97.21111111,33.49152777]}},{"type":"Feature","properties":{"layer":"airport","public":false,"id":"97XS","name":"Tilghman"},"geometry":{"type":"Point","coordinates":[-96.47946666,33.43283333]}},{"type":"Feature","properties":{"layer":"airport","public":false,"id":"06XA","name":"J & W Windy Hill"},"geometry":{"type":"Point","coordinates":[-96.57079722,33.44598333]}},{"type":"Feature","properties":{"layer":"airport","public":false,"id":"TX16","name":"Parkers Landing"},"geometry":{"type":"Point","coordinates":[-96.49834444,33.40014444]}},{"type":"Feature","properties":{"layer":"airport","public":false,"id":"75TS","name":"Venus"},"geometry":{"type":"Point","coordinates":[-97.09194444,32.41638888]}},{"type":"Feature","properties":{"layer":"airport","public":false,"id":"9XA4","name":"Chimera Aerodrome","visits":8,"lowest_ft":34,"to_ground":0.625},"geometry":{"type":"Point","coordinates":[-97.03985722,32.35572947]}},{"type":"Feature","properties":{"layer":"airport","public":false,"id":"25XS","name":"Moonbow Field"},"geometry":{"type":"Point","coordinates":[-96.8463875,32.4865275]}},{"type":"Feature","properties":{"layer":"airport","public":false,"id":"54TA","name":"George P Shanks"},"geometry":{"type":"Point","coordinates":[-96.87333333,32.29972222]}},{"type":"Feature","properties":{"layer":"airport","public":false,"id":"51TE","name":"Barstool Ranch"},"geometry":{"type":"Point","coordinates":[-96.789893,32.4724795]}},{"type":"Feature","properties":{"layer":"airport","public":false,"id":"TA19","name":"Post Oak Airfield"},"geometry":{"type":"Point","coordinates":[-97.78364194,32.67457555]}},{"type":"Feature","properties":{"layer":"airport","public":false,"id":"58TX","name":"Tailspin Estates"},"geometry":{"type":"Point","coordinates":[-97.93414583,32.65126388]}},{"type":"Feature","properties":{"layer":"airport","public":true,"id":"F78","name":"Horseshoe Bend"},"geometry":{"type":"Point","coordinates":[-97.87253388,32.57291222]}},{"type":"Feature","properties":{"layer":"airport","public":false,"id":"08TX","name":"Cross Wind"},"geometry":{"type":"Point","coordinates":[-97.74752944,32.85818111]}},{"type":"Feature","properties":{"layer":"airport","public":false,"id":"6TA7","name":"Flying K"},"geometry":{"type":"Point","coordinates":[-97.77947555,32.82845972]}},{"type":"Feature","properties":{"layer":"airport","public":true,"id":"WEA","name":"Parker County","visits":45,"lowest_ft":303,"to_ground":0.111},"geometry":{"type":"Point","coordinates":[-97.68247083,32.74572888]}},{"type":"Feature","properties":{"layer":"airport","public":false,"id":"XA86","name":"Driftwood Ranch"},"geometry":{"type":"Point","coordinates":[-97.80749166,32.566975]}},{"type":"Feature","properties":{"layer":"airport","public":false,"id":"XS53","name":"Peaster 01"},"geometry":{"type":"Point","coordinates":[-97.86224722,32.85048888]}},{"type":"Feature","properties":{"layer":"airport","public":false,"id":"77TX","name":"Circle W Ranch"},"geometry":{"type":"Point","coordinates":[-97.83974166,32.68635555]}},{"type":"Feature","properties":{"layer":"airport","public":false,"id":"41TS","name":"Flying T Ranch"},"geometry":{"type":"Point","coordinates":[-96.44831805,33.37844472]}},{"type":"Feature","properties":{"layer":"airport","public":false,"id":"66XS","name":"Baylie"},"geometry":{"type":"Point","coordinates":[-96.48859694,33.39649972]}},{"type":"Feature","properties":{"layer":"airport","public":true,"id":"76F","name":"Van Zandt County Regional","visits":9,"lowest_ft":241,"to_ground":0.222},"geometry":{"type":"Point","coordinates":[-95.98413888,32.68141666]}},{"type":"Feature","properties":{"layer":"airport","public":false,"id":"2TS9","name":"McBee Field"},"geometry":{"type":"Point","coordinates":[-96.05722222,32.75741666]}},{"type":"Feature","properties":{"layer":"airport","public":false,"id":"8TE1","name":"Richie Rich"},"geometry":{"type":"Point","coordinates":[-96.04395277,32.74844444]}},{"type":"Feature","properties":{"layer":"airport","public":false,"id":"42TX","name":"Magee"},"geometry":{"type":"Point","coordinates":[-96.06691611,33.31677777]}},{"type":"Feature","properties":{"layer":"airport","public":false,"id":"34TA","name":"Zq Ranch"},"geometry":{"type":"Point","coordinates":[-96.09740305,33.3458808]}},{"type":"Feature","properties":{"layer":"runway","id":"GKY"},"geometry":{"type":"LineString","coordinates":[[-97.09633019,32.67204463],[-97.0922315,32.6556978]]}},{"type":"Feature","properties":{"layer":"runway","id":"T38"},"geometry":{"type":"LineString","coordinates":[[-97.24330555,33.38025],[-97.243625,33.37227777]]}},{"type":"Feature","properties":{"layer":"runway","id":"XBP"},"geometry":{"type":"LineString","coordinates":[[-97.8282555,33.18083511],[-97.82859877,33.16708433]]}},{"type":"Feature","properties":{"layer":"runway","id":"7F3"},"geometry":{"type":"LineString","coordinates":[[-96.24555638,33.040875],[-96.236505,33.03295527]]}},{"type":"Feature","properties":{"layer":"runway","id":"7F3"},"geometry":{"type":"LineString","coordinates":[[-96.24513583,33.041015],[-96.245385,33.03002305]]}},{"type":"Feature","properties":{"layer":"runway","id":"T80"},"geometry":{"type":"LineString","coordinates":[[-96.72892777,33.37869166],[-96.72894444,33.37435]]}},{"type":"Feature","properties":{"layer":"runway","id":"9S1"},"geometry":{"type":"LineString","coordinates":[[-96.75464166,33.37193333],[-96.75474722,33.36461944]]}},{"type":"Feature","properties":{"layer":"runway","id":"CPT"},"geometry":{"type":"LineString","coordinates":[[-97.43702169,32.36107563],[-97.43047216,32.3464383]]}},{"type":"Feature","properties":{"layer":"runway","id":"1F7"},"geometry":{"type":"LineString","coordinates":[[-96.35502644,32.81551736],[-96.34903863,32.81034938]]}},{"type":"Feature","properties":{"layer":"runway","id":"RBD"},"geometry":{"type":"LineString","coordinates":[[-96.87800277,32.68865555],[-96.86162919,32.67476616]]}},{"type":"Feature","properties":{"layer":"runway","id":"RBD"},"geometry":{"type":"LineString","coordinates":[[-96.86679163,32.68579902],[-96.86681963,32.67535683]]}},{"type":"Feature","properties":{"layer":"runway","id":"ADS"},"geometry":{"type":"LineString","coordinates":[[-96.84051319,32.97784097],[-96.83239402,32.95926711]]}},{"type":"Feature","properties":{"layer":"runway","id":"TKI"},"geometry":{"type":"LineString","coordinates":[[-96.58834444,33.18668055],[-96.58918888,33.16745]]}},{"type":"Feature","properties":{"layer":"runway","id":"DFW"},"geometry":{"type":"LineString","coordinates":[[-97.02147836,32.91255472],[-97.00084377,32.89498111]]}},{"type":"Feature","properties":{"layer":"runway","id":"DFW"},"geometry":{"type":"LineString","coordinates":[[-97.08313222,32.90957563],[-97.06327647,32.89026988]]}},{"type":"Feature","properties":{"layer":"runway","id":"DFW"},"geometry":{"type":"LineString","coordinates":[[-97.02597491,32.91570669],[-97.02617166,32.87887877]]}},{"type":"Feature","properties":{"layer":"runway","id":"DFW"},"geometry":{"type":"LineString","coordinates":[[-97.00977861,32.89832038],[-97.00990794,32.8749593]]}},{"type":"Feature","properties":{"layer":"runway","id":"DFW"},"geometry":{"type":"LineString","coordinates":[[-97.0298835,32.91572211],[-97.03008022,32.87889452]]}},{"type":"Feature","properties":{"layer":"runway","id":"DFW"},"geometry":{"type":"LineString","coordinates":[[-97.05073641,32.91579958],[-97.05092588,32.87897144]]}},{"type":"Feature","properties":{"layer":"runway","id":"DFW"},"geometry":{"type":"LineString","coordinates":[[-97.05464552,32.91581319],[-97.05483341,32.87898591]]}},{"type":"Feature","properties":{"layer":"runway","id":"DAL"},"geometry":{"type":"LineString","coordinates":[[-96.85679908,32.857273],[-96.83915186,32.84204322]]}},{"type":"Feature","properties":{"layer":"runway","id":"DAL"},"geometry":{"type":"LineString","coordinates":[[-96.86345116,32.85131702],[-96.84341588,32.83402908]]}},{"type":"Feature","properties":{"layer":"runway","id":"LUD"},"geometry":{"type":"LineString","coordinates":[[-97.58139113,33.25996227],[-97.57958588,33.24851944]]}},{"type":"Feature","properties":{"layer":"runway","id":"09T"},"geometry":{"type":"LineString","coordinates":[[-97.49672805,33.28351916],[-97.49665861,33.27912222]]}},{"type":"Feature","properties":{"layer":"runway","id":"76T"},"geometry":{"type":"LineString","coordinates":[[-97.45187658,33.2742968],[-97.45184894,33.26404344]]}},{"type":"Feature","properties":{"layer":"runway","id":"58T"},"geometry":{"type":"LineString","coordinates":[[-97.48354597,33.16875719],[-97.47621263,33.16328269]]}},{"type":"Feature","properties":{"layer":"runway","id":"35X"},"geometry":{"type":"LineString","coordinates":[[-97.55443055,33.25027222],[-97.55267777,33.25343888]]}},{"type":"Feature","properties":{"layer":"runway","id":"DTO"},"geometry":{"type":"LineString","coordinates":[[-97.19773772,33.21171758],[-97.19816241,33.19247838]]}},{"type":"Feature","properties":{"layer":"runway","id":"DTO"},"geometry":{"type":"LineString","coordinates":[[-97.20055444,33.20864136],[-97.20085252,33.19489516]]}},{"type":"Feature","properties":{"layer":"runway","id":"F41"},"geometry":{"type":"LineString","coordinates":[[-96.66596119,32.3349258],[-96.66183727,32.32447008]]}},{"type":"Feature","properties":{"layer":"runway","id":"FTW"},"geometry":{"type":"LineString","coordinates":[[-97.36248661,32.83017711],[-97.35904777,32.80976566]]}},{"type":"Feature","properties":{"layer":"runway","id":"FTW"},"geometry":{"type":"LineString","coordinates":[[-97.36651977,32.8248395],[-97.36468447,32.81394763]]}},{"type":"Feature","properties":{"layer":"runway","id":"50F"},"geometry":{"type":"LineString","coordinates":[[-97.59175861,32.58734205],[-97.5898015,32.57633966]]}},{"type":"Feature","properties":{"layer":"runway","id":"4T2"},"geometry":{"type":"LineString","coordinates":[[-97.49306947,32.98577247],[-97.49151783,32.96949097]]}},{"type":"Feature","properties":{"layer":"runway","id":"9F9"},"geometry":{"type":"LineString","coordinates":[[-97.35384722,32.63166666],[-97.35416666,32.62238888]]}},{"type":"Feature","properties":{"layer":"runway","id":"FWS"},"geometry":{"type":"LineString","coordinates":[[-97.30641666,32.57158611],[-97.30641666,32.56152777]]}},{"type":"Feature","properties":{"layer":"runway","id":"FWS"},"geometry":{"type":"LineString","coordinates":[[-97.30965416,32.57251444],[-97.30969111,32.55601722]]}},{"type":"Feature","properties":{"layer":"runway","id":"AFW"},"geometry":{"type":"LineString","coordinates":[[-97.32152625,33.00542808],[-97.31542877,32.97563747]]}},{"type":"Feature","properties":{"layer":"runway","id":"AFW"},"geometry":{"type":"LineString","coordinates":[[-97.32345544,33.00514797],[-97.31728802,32.9750185]]}},{"type":"Feature","properties":{"layer":"runway","id":"GDJ"},"geometry":{"type":"LineString","coordinates":[[-97.82691255,32.43530486],[-97.82198555,32.44897413]]}},{"type":"Feature","properties":{"layer":"runway","id":"GPM"},"geometry":{"type":"LineString","coordinates":[[-97.04687788,32.70428116],[-97.04695538,32.69328416]]}},{"type":"Feature","properties":{"layer":"runway","id":"GVT"},"geometry":{"type":"LineString","coordinates":[[-96.06515527,33.07887533],[-96.06548875,33.0568085]]}},{"type":"Feature","properties":{"layer":"runway","id":"16X"},"geometry":{"type":"LineString","coordinates":[[-97.35838558,33.084732],[-97.35843519,33.07648516]]}},{"type":"Feature","properties":{"layer":"runway","id":"3T6"},"geometry":{"type":"LineString","coordinates":[[-97.29699094,33.13607105],[-97.29704197,33.13112311]]}},{"type":"Feature","properties":{"layer":"runway","id":"XA0"},"geometry":{"type":"LineString","coordinates":[[-97.28,33.15044444],[-97.28005555,33.14588888]]}},{"type":"Feature","properties":{"layer":"runway","id":"E58"},"geometry":{"type":"LineString","coordinates":[[-97.34705833,33.31034444],[-97.34719722,33.30256666]]}},{"type":"Feature","properties":{"layer":"runway","id":"30F"},"geometry":{"type":"LineString","coordinates":[[-97.01394186,33.13494463],[-97.01446936,33.12781113]]}},{"type":"Feature","properties":{"layer":"runway","id":"LNC"},"geometry":{"type":"LineString","coordinates":[[-96.72424166,32.58448055],[-96.71076666,32.57073333]]}},{"type":"Feature","properties":{"layer":"runway","id":"HQZ"},"geometry":{"type":"LineString","coordinates":[[-96.53026916,32.75520583],[-96.53057,32.73871916]]}},{"type":"Feature","properties":{"layer":"runway","id":"T56"},"geometry":{"type":"LineString","coordinates":[[-96.9267725,32.5172325],[-96.92678111,32.50839194]]}},{"type":"Feature","properties":{"layer":"runway","id":"JWY"},"geometry":{"type":"LineString","coordinates":[[-96.91179347,32.46720555],[-96.91325719,32.44938175]]}},{"type":"Feature","properties":{"layer":"runway","id":"74T"},"geometry":{"type":"LineString","coordinates":[[-97.25458333,33.18626111],[-97.25464166,33.17976111]]}},{"type":"Feature","properties":{"layer":"runway","id":"T14"},"geometry":{"type":"LineString","coordinates":[[-96.09584444,32.95678333],[-96.09594166,32.94820833]]}},{"type":"Feature","properties":{"layer":"runway","id":"F46"},"geometry":{"type":"LineString","coordinates":[[-96.43619777,32.93518944],[-96.43475472,32.92600111]]}},{"type":"Feature","properties":{"layer":"runway","id":"3TX"},"geometry":{"type":"LineString","coordinates":[[-97.35504166,33.39191388],[-97.35064166,33.39430555]]}},{"type":"Feature","properties":{"layer":"runway","id":"3TX"},"geometry":{"type":"LineString","coordinates":[[-97.35393611,33.39681944],[-97.35483055,33.38860555]]}},{"type":"Feature","properties":{"layer":"runway","id":"T28"},"geometry":{"type":"LineString","coordinates":[[-97.43894166,33.35608055],[-97.43935277,33.3528]]}},{"type":"Feature","properties":{"layer":"runway","id":"TRL"},"geometry":{"type":"LineString","coordinates":[[-96.2671105,32.71537616],[-96.26707933,32.70161541]]}},{"type":"Feature","properties":{"layer":"runway","id":"X16"},"geometry":{"type":"LineString","coordinates":[[-97.1224468,33.47699683],[-97.12243266,33.47026447]]}},{"type":"Feature","properties":{"layer":"runway","id":"WEA"},"geometry":{"type":"LineString","coordinates":[[-97.6824215,32.75026052],[-97.68252,32.741197]]}},{"type":"Feature","properties":{"layer":"runway","id":"76F"},"geometry":{"type":"LineString","coordinates":[[-95.98413444,32.68586402],[-95.98412025,32.67698425]]}},{"type":"Feature","properties":{"layer":"heliport","medical":true,"public":false,"id":"XA53","name":"Presbyterian Hospital Of Allen"},"geometry":{"type":"Point","coordinates":[-96.67231388,33.11706111]}},{"type":"Feature","properties":{"layer":"heliport","medical":false,"public":false,"id":"TA48","name":"Hawk Nest"},"geometry":{"type":"Point","coordinates":[-97.15386388,33.127425]}},{"type":"Feature","properties":{"layer":"heliport","medical":false,"public":false,"id":"94TE","name":"Barbaro North"},"geometry":{"type":"Point","coordinates":[-97.147,33.098275]}},{"type":"Feature","properties":{"layer":"heliport","medical":true,"public":false,"id":"TE80","name":"Medical Center Arlington"},"geometry":{"type":"Point","coordinates":[-97.11138888,32.6925]}},{"type":"Feature","properties":{"layer":"heliport","medical":false,"public":false,"id":"XS54","name":"Sheraton Arlington Hotel"},"geometry":{"type":"Point","coordinates":[-97.08111111,32.75777777]}},{"type":"Feature","properties":{"layer":"heliport","medical":false,"public":false,"id":"1TX1","name":"Dallas Cowboys"},"geometry":{"type":"Point","coordinates":[-97.09416666,32.74527777]}},{"type":"Feature","properties":{"layer":"heliport","medical":true,"public":false,"id":"65TA","name":"Texas Health Resources Arlington Memorial"},"geometry":{"type":"Point","coordinates":[-97.11737777,32.74852777]}},{"type":"Feature","properties":{"layer":"heliport","medical":true,"public":false,"id":"30XA","name":"Emergency Room At Magnolia"},"geometry":{"type":"Point","coordinates":[-96.91293333,33.22062777]}},{"type":"Feature","properties":{"layer":"heliport","medical":false,"public":false,"id":"64TA","name":"Texas Health Resources Azle"},"geometry":{"type":"Point","coordinates":[-97.53208333,32.88]}},{"type":"Feature","properties":{"layer":"heliport","medical":false,"public":false,"id":"TX06","name":"Carrington"},"geometry":{"type":"Point","coordinates":[-97.14070555,33.07779166]}},{"type":"Feature","properties":{"layer":"heliport","medical":true,"public":false,"id":"TX30","name":"H E B Hospital"},"geometry":{"type":"Point","coordinates":[-97.12261666,32.83400277]}},{"type":"Feature","properties":{"layer":"heliport","medical":false,"public":false,"id":"8TA7","name":"Texas Health Resources Burleson"},"geometry":{"type":"Point","coordinates":[-97.36879166,32.49763888]}},{"type":"Feature","properties":{"layer":"heliport","medical":true,"public":false,"id":"4XS4","name":"Carrollton Regional Medical Center"},"geometry":{"type":"Point","coordinates":[-96.887,33.02865]}},{"type":"Feature","properties":{"layer":"heliport","medical":true,"public":false,"id":"79TT","name":"Methodist Celina"},"geometry":{"type":"Point","coordinates":[-96.80899166,33.30606111]}},{"type":"Feature","properties":{"layer":"heliport","medical":false,"public":false,"id":"4TA9","name":"Texas Health Resources Cleburne"},"geometry":{"type":"Point","coordinates":[-97.43777777,32.33305555]}},{"type":"Feature","properties":{"layer":"heliport","medical":false,"public":false,"id":"95TE","name":"Star"},"geometry":{"type":"Point","coordinates":[-96.99594444,33.21549722]}},{"type":"Feature","properties":{"layer":"heliport","medical":false,"public":false,"id":"07XS","name":"Allen Ponderosa"},"geometry":{"type":"Point","coordinates":[-97.39168333,32.54218333]}},{"type":"Feature","properties":{"layer":"heliport","medical":true,"public":false,"id":"XS97","name":"Methodist Charlton Medical Center"},"geometry":{"type":"Point","coordinates":[-96.87822222,32.64625]}},{"type":"Feature","properties":{"layer":"heliport","medical":false,"public":true,"id":"49T","name":"Dallas Cbd"},"geometry":{"type":"Point","coordinates":[-96.80205555,32.77172222]}},{"type":"Feature","properties":{"layer":"heliport","medical":false,"public":false,"id":"TX18","name":"Redmond Taylor AHP"},"geometry":{"type":"Point","coordinates":[-96.97225,32.73383333]}},{"type":"Feature","properties":{"layer":"heliport","medical":false,"public":false,"id":"TX53","name":"Police H Port-Redbird"},"geometry":{"type":"Point","coordinates":[-96.869062,32.677539]}},{"type":"Feature","properties":{"layer":"heliport","medical":true,"public":false,"id":"TE43","name":"Parkland Health & Hospital System"},"geometry":{"type":"Point","coordinates":[-96.83722222,32.81138888]}},{"type":"Feature","properties":{"layer":"heliport","medical":false,"public":false,"id":"XA61","name":"Baylor University Medical Center Dallas"},"geometry":{"type":"Point","coordinates":[-96.7801,32.78833055]}},{"type":"Feature","properties":{"layer":"heliport","medical":true,"public":false,"id":"TS06","name":"Medical City Dallas Hospital"},"geometry":{"type":"Point","coordinates":[-96.77530652,32.91187361]}},{"type":"Feature","properties":{"layer":"heliport","medical":true,"public":false,"id":"37TA","name":"Texas Health Presbyterian Hospital Dallas"},"geometry":{"type":"Point","coordinates":[-96.76286111,32.88039444]}},{"type":"Feature","properties":{"layer":"heliport","medical":false,"public":false,"id":"TX98","name":"Crespi Helistop"},"geometry":{"type":"Point","coordinates":[-96.81171111,32.88233055]}},{"type":"Feature","properties":{"layer":"heliport","medical":true,"public":false,"id":"XA62","name":"Methodist Dallas Medical Center"},"geometry":{"type":"Point","coordinates":[-96.8244,32.76048055]}},{"type":"Feature","properties":{"layer":"heliport","medical":true,"public":false,"id":"38TX","name":"Utsw Medical Center - Clements"},"geometry":{"type":"Point","coordinates":[-96.85033055,32.82044722]}},{"type":"Feature","properties":{"layer":"heliport","medical":true,"public":false,"id":"85TS","name":"Medical City Dallas East"},"geometry":{"type":"Point","coordinates":[-96.76751111,32.912225]}},{"type":"Feature","properties":{"layer":"heliport","medical":true,"public":false,"id":"XA57","name":"Medical City Decatur"},"geometry":{"type":"Point","coordinates":[-97.59693333,33.21831944]}},{"type":"Feature","properties":{"layer":"heliport","medical":false,"public":false,"id":"25TT","name":"American Bio Source"},"geometry":{"type":"Point","coordinates":[-97.617229,33.271024]}},{"type":"Feature","properties":{"layer":"heliport","medical":true,"public":false,"id":"TS58","name":"Medical City Denton"},"geometry":{"type":"Point","coordinates":[-97.09270305,33.17800355]}},{"type":"Feature","properties":{"layer":"heliport","medical":true,"public":false,"id":"TX50","name":"Texas Health Presbyterian Hospital Denton"},"geometry":{"type":"Point","coordinates":[-97.16823055,33.21803333]}},{"type":"Feature","properties":{"layer":"heliport","medical":false,"public":true,"id":"73T","name":"Colonel Bobby Waddle/Desoto"},"geometry":{"type":"Point","coordinates":[-96.85522777,32.63166111]}},{"type":"Feature","properties":{"layer":"heliport","medical":false,"public":false,"id":"TE82","name":"5-State"},"geometry":{"type":"Point","coordinates":[-96.3675,32.93861111]}},{"type":"Feature","properties":{"layer":"heliport","medical":false,"public":true,"id":"12T","name":"Ferris Red Oak Municipal"},"geometry":{"type":"Point","coordinates":[-96.73116111,32.52986111]}},{"type":"Feature","properties":{"layer":"heliport","medical":true,"public":false,"id":"51TA","name":"Harris Methodist Southwest Helistop"},"geometry":{"type":"Point","coordinates":[-97.42168333,32.65692777]}},{"type":"Feature","properties":{"layer":"heliport","medical":true,"public":false,"id":"1XS3","name":"John Peter Smith Health Network"},"geometry":{"type":"Point","coordinates":[-97.32611111,32.7275]}},{"type":"Feature","properties":{"layer":"heliport","medical":false,"public":false,"id":"TS56","name":"Ktvt Channel 11"},"geometry":{"type":"Point","coordinates":[-97.24541944,32.76179444]}},{"type":"Feature","properties":{"layer":"heliport","medical":false,"public":false,"id":"XS96","name":"Hillwood"},"geometry":{"type":"Point","coordinates":[-97.30884722,32.97645]}},{"type":"Feature","properties":{"layer":"heliport","medical":false,"public":false,"id":"5TX9","name":"Parkway Surgical Hospital"},"geometry":{"type":"Point","coordinates":[-97.31323333,32.89611666]}},{"type":"Feature","properties":{"layer":"heliport","medical":true,"public":false,"id":"TE30","name":"Harris Hospital"},"geometry":{"type":"Point","coordinates":[-97.3385485,32.73539027]}},{"type":"Feature","properties":{"layer":"heliport","medical":true,"public":false,"id":"XA18","name":"Baylor Scott & White All Saints Med Ctr - Ft Worth"},"geometry":{"type":"Point","coordinates":[-97.34621111,32.73108611]}},{"type":"Feature","properties":{"layer":"heliport","medical":false,"public":false,"id":"3XS7","name":"Bell Training Facility"},"geometry":{"type":"Point","coordinates":[-97.2935,33.04916666]}},{"type":"Feature","properties":{"layer":"heliport","medical":false,"public":false,"id":"93TX","name":"John Peter Smith Ems Building"},"geometry":{"type":"Point","coordinates":[-97.32658333,32.726975]}},{"type":"Feature","properties":{"layer":"heliport","medical":false,"public":false,"id":"0TA3","name":"Texas Health Methodist Alliance"},"geometry":{"type":"Point","coordinates":[-97.30893888,32.93012777]}},{"type":"Feature","properties":{"layer":"heliport","medical":false,"public":false,"id":"XS04","name":"Bell South Airfield"},"geometry":{"type":"Point","coordinates":[-97.14606666,32.79700555]}},{"type":"Feature","properties":{"layer":"heliport","medical":true,"public":false,"id":"XA36","name":"Cook Children's Medical Center"},"geometry":{"type":"Point","coordinates":[-97.34154722,32.73815]}},{"type":"Feature","properties":{"layer":"heliport","medical":true,"public":false,"id":"XA37","name":"Plaza Medical Center"},"geometry":{"type":"Point","coordinates":[-97.3442,32.73475]}},{"type":"Feature","properties":{"layer":"heliport","medical":false,"public":false,"id":"TA92","name":"Hdc1"},"geometry":{"type":"Point","coordinates":[-97.30972777,32.91959444]}},{"type":"Feature","properties":{"layer":"heliport","medical":true,"public":false,"id":"XA65","name":"Medical City Alliance"},"geometry":{"type":"Point","coordinates":[-97.31280555,32.90033888]}},{"type":"Feature","properties":{"layer":"heliport","medical":true,"public":false,"id":"89TE","name":"Plaza Medical Center"},"geometry":{"type":"Point","coordinates":[-97.34609347,32.73593472]}},{"type":"Feature","properties":{"layer":"heliport","medical":false,"public":false,"id":"97XA","name":"Helibarn Landing"},"geometry":{"type":"Point","coordinates":[-97.51235277,32.69906944]}},{"type":"Feature","properties":{"layer":"heliport","medical":true,"public":false,"id":"56XA","name":"Texas Health Huguley Hospital"},"geometry":{"type":"Point","coordinates":[-97.31849444,32.58762222]}},{"type":"Feature","properties":{"layer":"heliport","medical":true,"public":false,"id":"13TA","name":"Texas Health Resources Frisco Hospital"},"geometry":{"type":"Point","coordinates":[-96.83846666,33.18079722]}},{"type":"Feature","properties":{"layer":"heliport","medical":true,"public":false,"id":"29TA","name":"Med City Frisco"},"geometry":{"type":"Point","coordinates":[-96.83845833,33.15203333]}},{"type":"Feature","properties":{"layer":"heliport","medical":true,"public":false,"id":"53TS","name":"Baylor Scott & White Frisco"},"geometry":{"type":"Point","coordinates":[-96.81476111,33.20994166]}},{"type":"Feature","properties":{"layer":"heliport","medical":true,"public":false,"id":"45XA","name":"Bswmc Centennial"},"geometry":{"type":"Point","coordinates":[-96.77153333,33.11299166]}},{"type":"Feature","properties":{"layer":"heliport","medical":false,"public":true,"id":"T57","name":"Garland/DFW Heloplex"},"geometry":{"type":"Point","coordinates":[-96.68501666,32.88691666]}},{"type":"Feature","properties":{"layer":"heliport","medical":false,"public":false,"id":"90TA","name":"Faulkner Point"},"geometry":{"type":"Point","coordinates":[-96.54081944,32.86696666]}},{"type":"Feature","properties":{"layer":"heliport","medical":true,"public":false,"id":"XA54","name":"Glen Rose Medical Center"},"geometry":{"type":"Point","coordinates":[-97.746,32.2422]}},{"type":"Feature","properties":{"layer":"heliport","medical":false,"public":false,"id":"0TX2","name":"Heliport-Facility 5a"},"geometry":{"type":"Point","coordinates":[-97.06094166,32.77605277]}},{"type":"Feature","properties":{"layer":"heliport","medical":true,"public":false,"id":"56TA","name":"Dallas/Fort Worth Medical Center"},"geometry":{"type":"Point","coordinates":[-97.05042777,32.73291666]}},{"type":"Feature","properties":{"layer":"heliport","medical":true,"public":false,"id":"78TX","name":"Baylor Scott & White Med Ctr - Grapevine"},"geometry":{"type":"Point","coordinates":[-97.09535,32.93412222]}},{"type":"Feature","properties":{"layer":"heliport","medical":true,"public":false,"id":"XA56","name":"Hunt Regional Medical Center"},"geometry":{"type":"Point","coordinates":[-96.1251,33.12228888]}},{"type":"Feature","properties":{"layer":"heliport","medical":true,"public":false,"id":"XA35","name":"Quality Care Er"},"geometry":{"type":"Point","coordinates":[-96.12650555,33.08933611]}},{"type":"Feature","properties":{"layer":"heliport","medical":false,"public":false,"id":"53TX","name":"Innovation First"},"geometry":{"type":"Point","coordinates":[-96.149562,33.064243]}},{"type":"Feature","properties":{"layer":"heliport","medical":true,"public":false,"id":"8TX1","name":"Medical Emergency Gbc"},"geometry":{"type":"Point","coordinates":[-96.11638611,32.335525]}},{"type":"Feature","properties":{"layer":"heliport","medical":true,"public":false,"id":"TS72","name":"UT Health East Texas Cedar Creek Lake"},"geometry":{"type":"Point","coordinates":[-96.11583333,32.33203597]}},{"type":"Feature","properties":{"layer":"heliport","medical":false,"public":false,"id":"XS37","name":"Pecan Knoll"},"geometry":{"type":"Point","coordinates":[-96.492625,32.8181]}},{"type":"Feature","properties":{"layer":"heliport","medical":false,"public":false,"id":"0TE2","name":"Bell Helicopter Hurst"},"geometry":{"type":"Point","coordinates":[-97.16406388,32.806425]}},{"type":"Feature","properties":{"layer":"heliport","medical":true,"public":false,"id":"XA21","name":"Las Colinas Medical Center"},"geometry":{"type":"Point","coordinates":[-96.95683055,32.90279444]}},{"type":"Feature","properties":{"layer":"heliport","medical":true,"public":false,"id":"4XA7","name":"Baylor Health Center At Irving Coppell"},"geometry":{"type":"Point","coordinates":[-96.95246944,32.91296666]}},{"type":"Feature","properties":{"layer":"heliport","medical":true,"public":false,"id":"19XA","name":"Baylor Scott & White Med Ctr - Irving"},"geometry":{"type":"Point","coordinates":[-96.96195,32.83441666]}},{"type":"Feature","properties":{"layer":"heliport","medical":true,"public":false,"id":"XA55","name":"Texas Health Resources Kaufman"},"geometry":{"type":"Point","coordinates":[-96.31765277,32.59238888]}},{"type":"Feature","properties":{"layer":"heliport","medical":true,"public":false,"id":"XA59","name":"Medical City Lewisville"},"geometry":{"type":"Point","coordinates":[-97.0053,33.04408888]}},{"type":"Feature","properties":{"layer":"heliport","medical":false,"public":false,"id":"XA63","name":"Aaf"},"geometry":{"type":"Point","coordinates":[-96.5925,33.09083333]}},{"type":"Feature","properties":{"layer":"heliport","medical":false,"public":false,"id":"31TT","name":"A1 Hvm"},"geometry":{"type":"Point","coordinates":[-96.59844444,33.0995]}},{"type":"Feature","properties":{"layer":"heliport","medical":false,"public":false,"id":"TE66","name":"Lmc"},"geometry":{"type":"Point","coordinates":[-96.632525,33.21398055]}},{"type":"Feature","properties":{"layer":"heliport","medical":true,"public":false,"id":"6XA7","name":"Baylor Scott & White Med Ctr - McKinney"},"geometry":{"type":"Point","coordinates":[-96.68347777,33.22034444]}},{"type":"Feature","properties":{"layer":"heliport","medical":true,"public":false,"id":"51XA","name":"Medical City McKinney"},"geometry":{"type":"Point","coordinates":[-96.63637383,33.16097383]}},{"type":"Feature","properties":{"layer":"heliport","medical":true,"public":false,"id":"0XA9","name":"Methodist Mansfield Medical Center"},"geometry":{"type":"Point","coordinates":[-97.09558888,32.567225]}},{"type":"Feature","properties":{"layer":"heliport","medical":true,"public":false,"id":"XA64","name":"Texas Health Mansfield"},"geometry":{"type":"Point","coordinates":[-97.10013888,32.53602777]}},{"type":"Feature","properties":{"layer":"heliport","medical":false,"public":false,"id":"52TE","name":"Rayburn"},"geometry":{"type":"Point","coordinates":[-97.202332,32.605665]}},{"type":"Feature","properties":{"layer":"heliport","medical":false,"public":false,"id":"TA94","name":"Creech"},"geometry":{"type":"Point","coordinates":[-96.55717777,32.71109166]}},{"type":"Feature","properties":{"layer":"heliport","medical":true,"public":false,"id":"2TA2","name":"The Medical Center Of Mesquite"},"geometry":{"type":"Point","coordinates":[-96.60112222,32.77922222]}},{"type":"Feature","properties":{"layer":"heliport","medical":false,"public":false,"id":"32XS","name":"Cedar Circle"},"geometry":{"type":"Point","coordinates":[-97.0087,32.46150555]}},{"type":"Feature","properties":{"layer":"heliport","medical":true,"public":false,"id":"87XA","name":"Methodist Midlothian Medical Center"},"geometry":{"type":"Point","coordinates":[-96.98081111,32.46970555]}},{"type":"Feature","properties":{"layer":"heliport","medical":false,"public":false,"id":"TE92","name":"Hardeman Ranch"},"geometry":{"type":"Point","coordinates":[-97.26235555,33.08383611]}},{"type":"Feature","properties":{"layer":"heliport","medical":false,"public":false,"id":"TE65","name":"Nrh Fire Department"},"geometry":{"type":"Point","coordinates":[-97.23123611,32.85916111]}},{"type":"Feature","properties":{"layer":"heliport","medical":true,"public":false,"id":"24TS","name":"Medical Center North Hills"},"geometry":{"type":"Point","coordinates":[-97.21277777,32.82638888]}},{"type":"Feature","properties":{"layer":"heliport","medical":true,"public":false,"id":"6TS9","name":"MCP"},"geometry":{"type":"Point","coordinates":[-96.76656458,33.02243333]}},{"type":"Feature","properties":{"layer":"heliport","medical":false,"public":false,"id":"49TS","name":"E D S"},"geometry":{"type":"Point","coordinates":[-96.80897777,33.07243055]}},{"type":"Feature","properties":{"layer":"heliport","medical":true,"public":false,"id":"35TA","name":"Texas Health Presbyterian Hospital Plano"},"geometry":{"type":"Point","coordinates":[-96.83745833,33.04353888]}},{"type":"Feature","properties":{"layer":"heliport","medical":false,"public":false,"id":"1TS4","name":"Eds Hangar"},"geometry":{"type":"Point","coordinates":[-96.80148333,33.06784166]}},{"type":"Feature","properties":{"layer":"heliport","medical":false,"public":false,"id":"6TS5","name":"Eds Administration Nr 1"},"geometry":{"type":"Point","coordinates":[-96.81419166,33.07370277]}},{"type":"Feature","properties":{"layer":"heliport","medical":true,"public":false,"id":"XA79","name":"Baylor Scott & White Med Ctr - Plano"},"geometry":{"type":"Point","coordinates":[-96.78995277,33.01345277]}},{"type":"Feature","properties":{"layer":"heliport","medical":true,"public":false,"id":"39XA","name":"Childrens Medical Center Plano"},"geometry":{"type":"Point","coordinates":[-96.80010694,33.07877777]}},{"type":"Feature","properties":{"layer":"heliport","medical":true,"public":false,"id":"43TT","name":"Cook Children's North Campus"},"geometry":{"type":"Point","coordinates":[-96.86968888,33.22135555]}},{"type":"Feature","properties":{"layer":"heliport","medical":false,"public":false,"id":"46XA","name":"Flying A"},"geometry":{"type":"Point","coordinates":[-97.54815277,33.04012777]}},{"type":"Feature","properties":{"layer":"heliport","medical":true,"public":false,"id":"XA40","name":"Richardson Regional - Bush Hwy"},"geometry":{"type":"Point","coordinates":[-96.66561944,32.99619444]}},{"type":"Feature","properties":{"layer":"heliport","medical":true,"public":false,"id":"TA99","name":"Richardson Regional - Campbell Road"},"geometry":{"type":"Point","coordinates":[-96.72606944,32.97513333]}},{"type":"Feature","properties":{"layer":"heliport","medical":false,"public":false,"id":"13XS","name":"Presbyterian Hospital Of Rockwall"},"geometry":{"type":"Point","coordinates":[-96.46455833,32.88453888]}},{"type":"Feature","properties":{"layer":"heliport","medical":true,"public":false,"id":"XA11","name":"Baylor Scott & White Medical Center - Lake Pointe"},"geometry":{"type":"Point","coordinates":[-96.50846944,32.917275]}},{"type":"Feature","properties":{"layer":"heliport","medical":true,"public":false,"id":"XS89","name":"Hunt Regional Medical Center Royse City"},"geometry":{"type":"Point","coordinates":[-96.28203333,32.97930277]}},{"type":"Feature","properties":{"layer":"heliport","medical":true,"public":false,"id":"TS31","name":"Methodist Southlake"},"geometry":{"type":"Point","coordinates":[-97.14708833,32.95717805]}},{"type":"Feature","properties":{"layer":"heliport","medical":false,"public":false,"id":"TA69","name":"Lupton Farms"},"geometry":{"type":"Point","coordinates":[-96.58345,32.81565555]}},{"type":"Feature","properties":{"layer":"heliport","medical":false,"public":false,"id":"23TE","name":"Texas Regional Medical Center"},"geometry":{"type":"Point","coordinates":[-96.56813055,32.77988888]}},{"type":"Feature","properties":{"layer":"heliport","medical":false,"public":false,"id":"XA69","name":"Shelton Pvt"},"geometry":{"type":"Point","coordinates":[-97.96944444,32.33611111]}},{"type":"Feature","properties":{"layer":"heliport","medical":false,"public":false,"id":"TT15","name":"Skids Down"},"geometry":{"type":"Point","coordinates":[-96.2737185,33.44935444]}},{"type":"Feature","properties":{"layer":"heliport","medical":true,"public":false,"id":"8TE3","name":"Baylor Scott And White Medical Center"},"geometry":{"type":"Point","coordinates":[-96.85694444,32.42722222]}},{"type":"Feature","properties":{"layer":"heliport","medical":true,"public":false,"id":"98TA","name":"Medical City Weatherford"},"geometry":{"type":"Point","coordinates":[-97.78647777,32.74771666]}},{"type":"Feature","properties":{"layer":"heliport","medical":false,"public":false,"id":"2TS7","name":"Jamak Fabrication"},"geometry":{"type":"Point","coordinates":[-97.809175,32.77611944]}},{"type":"Feature","properties":{"layer":"heliport","medical":false,"public":false,"id":"TE93","name":"Staggs"},"geometry":{"type":"Point","coordinates":[-97.74002777,32.77179444]}},{"type":"Feature","properties":{"layer":"heliport","medical":true,"public":false,"id":"8TA4","name":"Texas Health Willow Park"},"geometry":{"type":"Point","coordinates":[-97.66169444,32.74522222]}}]}